title,year,length,budget,rating,votes,mpaa,genre
"Shawshank Redemption, The",1994,142,25,9.1,149494,R,Drama
"Lord of the Rings: The Return of the King, The",2003,251,94,9,103631,PG-13,Action
"Lord of the Rings: The Fellowship of the Ring, The",2001,208,93,8.8,157608,PG-13,Action
"Lord of the Rings: The Two Towers, The",2002,223,94,8.8,114797,PG-13,Action
Pulp Fiction,1994,168,8,8.8,132745,R,Drama
Schindler's List,1993,195,25,8.8,97667,R,Drama
Star Wars,1977,125,11,8.8,134640,PG,Action
Star Wars: Episode V - The Empire Strikes Back,1980,129,18,8.8,103706,PG,Action
C'era una volta il West,1968,158,5,8.7,17241,PG-13,Drama
Cidade de Deus,2002,135,3.3,8.7,25964,R,Drama
Dr. Strangelove or: How I Learned to Stop Worrying and Love the Bomb,1964,93,1.8,8.7,63471,PG,Comedy
Memento,2000,113,5,8.7,90317,R,Drama
Eternal Sunshine of the Spotless Mind,2004,108,20,8.6,46240,R,RomCom
American Beauty,1999,121,15,8.5,109991,R,Drama
Apocalypse Now,1979,202,31.5,8.5,64785,R,Action Drama
"Boot, Das",1981,216,14,8.5,28920,R,Drama
Fight Club,1999,139,63,8.5,112092,R,Drama
"Matrix, The",1999,136,63,8.5,143853,R,Action
"Pianist, The",2002,150,35,8.5,30467,R,Drama
Taegukgi hwinalrimyeo,2004,140,12.8,8.5,1792,R,Action Drama
American History X,1998,119,10,8.4,59677,R,Drama
Requiem for a Dream,2000,102,4.5,8.4,47845,R,Drama
Se7en,1995,127,30,8.4,88371,R,Drama
Aliens,1986,154,18.5,8.3,63961,R,Action
Amadeus,1984,180,18,8.3,36955,R,Drama
Before Sunset,2004,80,10,8.3,8789,R,Romance Drama
Braveheart,1995,177,53,8.3,92437,R,Action Drama
Crash,2004,113,6.5,8.3,1660,R,Drama
Donnie Darko,2001,133,4.5,8.3,51961,R,Drama
"Incredibles, The",2004,121,92,8.3,30749,PG,Animated
Kill Bill: Vol. 1,2003,111,55,8.3,65026,R,Action Drama
Kill Bill: Vol. 2,2004,136,30,8.3,44189,R,Action Drama
Million Dollar Baby,2004,132,30,8.3,20195,PG-13,Drama
Saving Private Ryan,1998,170,70,8.3,100267,R,Action Drama
Sin City,2005,124,45.5,8.3,23473,R,Action
Strangers on a Train,1951,103,1.2,8.3,10624,PG,Drama
"Adventures of Robin Hood, The",1938,102,1.9,8.2,7359,PG,Action
Amores perros,2000,153,2,8.2,15079,R,Drama
Fargo,1996,98,7,8.2,65597,R,Drama
Festen,1998,105,1.3,8.2,11983,R,Drama
Forrest Gump,1994,142,55,8.2,89722,PG-13,Comedy Drama
Once Upon a Time in America,1984,227,30,8.2,19292,R,Drama
"Sixth Sense, The",1999,107,55,8.2,96987,PG-13,Drama
Terminator 2: Judgment Day,1991,154,100,8.2,77614,R,Action Drama
Wo hu cang long,2000,120,15,8.2,52198,PG-13,Action
Big Fish,2003,125,70,8.1,31525,PG-13,Comedy Drama
Garden State,2004,109,2.5,8.1,23814,R,RomCom
"Green Mile, The",1999,188,60,8.1,60142,R,Drama
Star Wars: Episode VI - Return of the Jedi,1983,135,32.5,8.1,82471,PG,Action
"Station Agent, The",2003,88,0.5,8.1,7112,R,Drama
Ying xiong,2002,93,30,8.1,24128,PG-13,Action Drama
21 Grams,2003,124,20,8,21857,R,Drama
Almost Famous,2000,162,60,8,38648,R,Comedy Drama
"Big Lebowski, The",1998,117,15,8,50179,R,Comedy
Ed Wood,1994,127,18,8,22612,R,Comedy Drama
Gladiator,2000,155,103,8,92495,R,Action Drama
"Insider, The",1999,157,68,8,28780,R,Drama
"Intruder, The",1962,84,0.08,8,163,PG-13,Drama
"Last Picture Show, The",1971,118,1.3,8,5340,R,Drama
Lost in Translation,2003,102,4,8,42450,R,Comedy Drama
Magnolia,1999,188,37,8,45992,R,Drama
Mystic River,2003,137,30,8,28969,R,Drama
Pirates of the Caribbean: The Curse of the Black Pearl,2003,143,125,8,60812,PG-13,Action Comedy
Shrek,2001,90,60,8,65146,PG,Animated
Sideways,2004,123,16,8,17051,R,Comedy Drama
Trainspotting,1996,94,3.5,8,51887,R,Drama
Adaptation.,2002,114,19,7.9,25140,R,Comedy Drama
Clerks.,1994,92,0.23,7.9,39927,R,Comedy Drama
Doctor Zhivago,1965,200,11,7.9,10283,PG-13,Romance Drama
Gong fu,2004,99,20,7.9,5299,R,Action Comedy
Heat,1995,188,60,7.9,44588,R,Action Drama
Henry V,1989,137,9,7.9,8241,PG-13,Action Drama
"Invasions barbares, Les",2003,112,5,7.9,4900,R,Comedy Drama
"Iron Giant, The",1999,86,48,7.9,15151,PG,Animated
Lashou shentan,1992,131,4.5,7.9,6568,R,Action Drama
"Last Samurai, The",2003,154,100,7.9,31668,R,Action Drama
Mulholland Dr.,2001,147,15,7.9,35504,R,Drama
Secrets & Lies,1996,136,4.5,7.9,7747,R,Comedy Drama
Shaun of the Dead,2004,99,4,7.9,18685,R,Comedy
Snatch.,2000,102,10,7.9,44785,R,Comedy
Spider-Man 2,2004,127,200,7.9,40256,PG-13,Action
Twelve Monkeys,1995,129,29,7.9,62301,R,Drama
When Zachary Beaver Came to Town,2003,85,3,7.9,35,PG,Drama
X2,2003,133,110,7.9,38191,PG-13,Action
25th Hour,2002,135,15,7.8,15788,R,Drama
"Beautiful Mind, A",2001,135,60,7.8,43291,PG-13,Drama
Casino,1995,176,52,7.8,27234,R,Drama
E.T. the Extra-Terrestrial,1982,120,10.5,7.8,44175,PG,Drama
Ghost World,2000,111,7,7.8,17976,R,Comedy Drama
Good Will Hunting,1997,126,10,7.8,60858,R,Drama
House of Sand and Fog,2003,126,16,7.8,8164,R,Drama
In This World,2002,88,1.9,7.8,815,R,Drama
JFK,1991,206,40,7.8,26456,R,Drama
"Lunes al sol, Los",2002,113,4,7.8,1466,R,Drama
MASH,1970,112,3.5,7.8,14829,R,Comedy Drama
Minority Report,2002,145,102,7.8,51199,PG-13,Action Drama
"Notebook, The",2004,123,30,7.8,8830,PG-13,Romance Drama
"O Brother, Where Art Thou?",2000,106,26,7.8,37961,PG-13,Comedy
"Others, The",2001,104,17,7.8,36914,PG-13,Drama
Rebel Without a Cause,1955,111,1.5,7.8,11055,PG-13,Drama
Shrek 2,2004,92,75,7.8,27236,PG,Animated
Traffic,2000,147,48,7.8,41268,R,Drama
"Violon rouge, Le",1998,140,10,7.8,6995,R,Romance Drama
You Can Count on Me,2000,111,1.2,7.8,7630,R,Drama
As Good as It Gets,1997,139,50,7.7,47441,PG-13,RomCom
Billy Elliot,2000,110,5,7.7,16725,R,Drama
Carandiru,2003,147,6,7.7,1608,R,Drama
Collateral,2004,120,65,7.7,24499,R,Drama
Far from Heaven,2002,107,13.5,7.7,9167,PG-13,Romance Drama
Heavenly Creatures,1994,108,5,7.7,11453,R,Romance Drama
Hedwig and the Angry Inch,2001,93,6,7.7,6072,R,RomCom
Interstate 60,2002,116,7,7.7,2495,R,Comedy Drama
Karakter,1997,122,4.5,7.7,2687,R,Drama
Lone Star,1996,135,5,7.7,8518,R,Drama
"Man Who Wasn't There, The",2001,118,20,7.7,17028,R,Comedy Drama
"Maquinista, El",2004,102,5,7.7,4322,R,Drama
Moulin Rouge!,2001,127,52.5,7.7,47689,PG-13,Romance Drama
Office Space,1999,89,10,7.7,26134,R,Comedy
Rabbit-Proof Fence,2002,94,6,7.7,5079,PG,Drama
Road to Perdition,2002,117,80,7.7,30526,R,Drama
Rushmore,1998,93,10,7.7,22209,R,RomCom
Sense and Sensibility,1995,136,16.5,7.7,13904,PG,RomCom
"Triplettes de Belleville, Les",2003,78,8,7.7,6618,PG-13,Animated
"Truman Show, The",1998,103,60,7.7,62434,PG,Comedy Drama
2046,2004,129,12,7.6,2663,R,Romance Drama
Black Hawk Down,2001,142,90,7.6,32530,R,Action Drama
Bloody Sunday,2002,107,5,7.6,2388,R,Drama
Boogie Nights,1997,156,15,7.6,27380,R,Drama
Boys Don't Cry,1999,118,2,7.6,14456,R,Drama
"Butterfly Effect, The",2004,120,13,7.6,22975,R,Drama
Catch Me If You Can,2002,141,52,7.6,39915,PG-13,Drama
Chasing Amy,1997,111,0.25,7.6,32141,R,RomCom
Dead Man Walking,1995,122,11,7.6,16177,R,Drama
Dirty Pretty Things,2002,97,10,7.6,6274,R,Drama
Donnie Brasco,1997,127,35,7.6,20029,R,Drama
Elizabeth,1998,124,25,7.6,14733,R,Drama
Equilibrium,2002,107,20,7.6,17579,R,Action
Foreign Correspondents,1999,102,0.5,7.6,117,PG-13,Romance Drama
Gattaca,1997,101,36,7.6,26071,PG-13,Drama
Gods and Monsters,1998,105,3.5,7.6,9020,R,Drama
High Fidelity,2000,113,20,7.6,29704,R,RomCom
"Hours, The",2002,114,25,7.6,16692,PG-13,Drama
Kinsey,2004,118,11,7.6,3225,R,Drama
"Leggenda del pianista sull'oceano, La",1998,120,9,7.6,3599,R,Drama
Nueve reinas,2000,114,1.5,7.6,3721,R,Drama
"Postino, Il",1994,108,3,7.6,8342,PG,RomCom
"Royal Tenenbaums, The",2001,111,21,7.6,31227,R,Comedy Drama
Samsara,2001,138,3,7.6,636,R,Action Drama
"Sand Pebbles, The",1966,193,12,7.6,1773,PG-13,Romance Drama
Shine,1996,105,5.5,7.6,12425,PG-13,Romance Drama
"Simple Plan, A",1998,121,17,7.6,15398,R,Drama
South Park: Bigger Longer & Uncut,1999,81,21,7.6,33188,R,Animated
Star Trek: The Wrath of Khan,1982,116,11,7.6,16333,PG,Action
Swingers,1996,96,0.2,7.6,15827,R,Comedy Drama
Utomlyonnye solntsem,1994,132,2.8,7.6,2173,R,Drama
Waiting for Guffman,1996,84,4,7.6,7337,R,Comedy
Wonder Boys,2000,111,35,7.6,15668,R,Comedy Drama
About a Boy,2002,101,27,7.5,18318,PG-13,Comedy Drama
Apollo 13,1995,140,62,7.5,41098,PG,Drama
"Aviator, The",2004,170,116,7.5,16217,PG-13,Drama
Best in Show,2000,90,6,7.5,11790,PG-13,Comedy
Bound,1996,109,4.5,7.5,11911,R,Romance Drama
Bubba Ho-tep,2002,92,1,7.5,7142,R,Comedy
Chicago,2002,113,45,7.5,34933,PG-13,Comedy Drama
"Cider House Rules, The",1999,126,24,7.5,18950,PG-13,Romance Drama
Frida,2002,123,12,7.5,8614,R,Drama
"Ice Storm, The",1997,112,18,7.5,13115,R,Drama
Jackie Brown,1997,154,12,7.5,28891,R,Drama
Jui kuen II,1994,99,2,7.5,4628,R,Action Comedy
Lawn Dogs,1997,101,8,7.5,1856,R,Drama
Leaving Las Vegas,1995,111,4,7.5,18027,R,Romance Drama
Life as a House,2001,127,18,7.5,7696,R,Comedy Drama
Master and Commander: The Far Side of the World,2003,138,150,7.5,21328,PG-13,Action Drama
Ocean's Eleven,2001,116,85,7.5,44662,PG-13,Comedy
Open Range,2003,139,26,7.5,8799,R,Drama
Osama,2003,83,0.046,7.5,1546,PG-13,Drama
Pleasantville,1998,124,40,7.5,22561,PG-13,Comedy Drama
Primal Fear,1996,129,30,7.5,12467,R,Drama
Punch-Drunk Love,2002,95,25,7.5,18169,R,RomCom
Seabiscuit,2003,141,86,7.5,11552,PG-13,Drama
Shakespeare in Love,1998,122,25,7.5,41999,R,RomCom
Shattered Glass,2003,95,6,7.5,4108,PG-13,Drama
"Abyss, The",1989,171,69.5,7.4,21987,PG-13,Action Drama
Antwone Fisher,2002,117,12.5,7.4,4472,PG-13,Drama
Army of Darkness,1993,96,11,7.4,22118,R,Action Comedy
Cold Mountain,2003,152,83,7.4,15712,R,Romance Drama
"Count of Monte Cristo, The",2002,134,35,7.4,13907,PG-13,Action Drama
Dawn of the Dead,2004,109,28,7.4,16283,R,Action Drama
Election,1999,103,8.5,7.4,17521,R,Comedy
Enter the Dragon,1973,99,0.85,7.4,8078,R,Action
"Espinazo del diablo, El",2001,108,4.5,7.4,3474,R,Drama
Frailty,2001,100,11,7.4,10551,R,Drama
Frequency,2000,118,31,7.4,15317,PG-13,Drama
Go,1999,103,6.5,7.4,20663,R,Comedy
Grosse Pointe Blank,1997,107,15,7.4,20400,R,RomCom
In the Bedroom,2001,130,1.7,7.4,10177,R,Drama
Man on Fire,2004,146,70,7.4,14358,R,Action Drama
Monster,2003,109,8,7.4,12306,R,Drama
Nicholas Nickleby,2002,132,10,7.4,1651,PG,Drama
"Passion of the Christ, The",2004,127,30,7.4,34046,R,Drama
"Quiet American, The",2002,101,30,7.4,5957,R,Romance Drama
Remember the Titans,2000,113,30,7.4,14195,PG,Drama
"Ring, The",2002,115,45,7.4,30687,PG-13,Drama
Ryan's Daughter,1970,202,15,7.4,965,R,Romance Drama
"School of Rock, The",2003,108,20,7.4,16452,PG-13,Comedy
Secondhand Lions,2003,120,30,7.4,5543,PG,Comedy Drama
Shallow Grave,1994,93,2.5,7.4,9401,R,Drama
Siunin Wong Fei-hung tsi titmalau,1993,90,2,7.4,3173,PG-13,Action Comedy
Smoke,1995,112,7,7.4,8111,R,Comedy Drama
Spider-Man,2002,121,139,7.4,63228,PG-13,Action
Thirteen Days,2000,145,80,7.4,10926,PG-13,Drama
Welcome to the Dollhouse,1995,88,0.8,7.4,5851,R,Comedy Drama
"Whole Wide World, The",1996,111,1.3,7.4,956,PG,Drama
1776,1972,180,4,7.3,1754,PG,Drama
About Schmidt,2002,125,30,7.3,23279,R,Comedy Drama
Better Luck Tomorrow,2002,98,0.25,7.3,2697,R,Drama
Bigger Than the Sky,2005,106,0.75,7.3,32,PG-13,RomCom
"Bourne Identity, The",2002,119,75,7.3,29871,PG-13,Action Drama
"Bourne Supremacy, The",2004,108,75,7.3,19878,PG-13,Action Drama
Cast Away,2000,143,90,7.3,34580,PG-13,Drama
Contact,1997,153,90,7.3,36390,PG,Drama
Dellamorte Dellamore,1994,105,4,7.3,2313,R,RomCom
Dogma,1999,130,10,7.3,43391,R,Comedy
Elephant,2003,81,3,7.3,9203,R,Drama
Enemy at the Gates,2001,131,70,7.3,19169,R,Action Drama
Erin Brockovich,2000,130,51,7.3,24301,R,Drama
EvenHand,2002,92,0.5,7.3,169,R,Drama
Finding Forrester,2000,136,43,7.3,13439,PG-13,Drama
Gangs of New York,2002,166,97,7.3,34808,R,Drama
Gosford Park,2001,137,15,7.3,16831,R,Drama
"Grey Zone, The",2001,108,5,7.3,1553,R,Drama
Heaven,2002,96,11,7.3,3857,R,Drama
"Hurricane, The",1999,145,38,7.3,12445,R,Drama
Ice Age,2002,81,60,7.3,22302,PG,Animated
Identity,2003,90,30,7.3,18747,R,Drama
In the Company of Men,1997,97,0.025,7.3,3618,R,Comedy
Insomnia,2002,118,46,7.3,22235,R,Drama
Jerry Maguire,1996,139,50,7.3,34623,R,RomCom
Julie Walking Home,2002,118,5,7.3,190,R,Romance Drama
Latter Days,2003,107,0.85,7.3,1396,R,RomCom
"Life Aquatic with Steve Zissou, The",2004,118,25,7.3,9170,R,Comedy Drama
Lilo & Stitch,2002,86,80,7.3,10944,PG,Animated
Lost Highway,1997,135,15,7.3,15936,R,Drama
Man on the Moon,1999,118,52,7.3,19826,R,Comedy Drama
Mean Creek,2004,89,0.5,7.3,2094,R,Drama
Menace II Society,1993,97,3.5,7.3,4704,R,Action Drama
"Merchant of Venice, The",2004,138,30,7.3,1400,R,Comedy Drama
Metoroporisu,2001,107,14.5,7.3,3380,PG-13,Animated
Monster's Ball,2001,112,4,7.3,15037,R,Romance Drama
Narc,2002,105,7.5,7.3,7185,R,Drama
Pieces of April,2003,80,0.3,7.3,4604,PG-13,Comedy Drama
Star Trek: First Contact,1996,106,45,7.3,25046,PG-13,Action
Team America: World Police,2004,98,30,7.3,13104,R,Action Comedy
Three Kings,1999,114,48,7.3,31503,R,Action Comedy
Training Day,2001,120,45,7.3,22776,R,Drama
Waking Ned,1998,92,3,7.3,7232,PG,Comedy
X-Men,2000,104,75,7.3,45332,PG-13,Action
"Apostle, The",1997,134,5,7.2,4231,PG-13,Drama
Bad Santa,2003,98,18,7.2,11189,R,Comedy
Being Julia,2004,104,18,7.2,1671,R,Comedy Drama
Bon voyage,2003,115,20,7.2,1061,PG-13,Comedy Drama
Buffalo '66,1998,110,1.5,7.2,6652,R,Comedy Drama
"Comunidad, La",2000,110,2,7.2,1270,R,Comedy
Cypher,2002,95,7.5,7.2,3160,R,Action
"Dangerous Lives of Altar Boys, The",2002,105,12,7.2,3274,R,Drama
Eve's Bayou,1997,109,5,7.2,2302,R,Drama
Four Weddings and a Funeral,1994,117,6,7.2,17820,R,RomCom
"Full Monty, The",1997,91,3.5,7.2,22115,R,Comedy
Galaxy Quest,1999,102,45,7.2,22341,PG,Comedy
Holes,2003,117,30,7.2,5235,PG,Comedy Drama
I Am Sam,2001,132,22,7.2,9945,PG-13,Drama
K-PAX,2001,120,48,7.2,17235,PG-13,Drama
"Limey, The",1999,89,9,7.2,7732,R,Drama
My Cousin Vinny,1992,120,11,7.2,10877,R,Comedy
Napoleon Dynamite,2004,86,0.4,7.2,17524,PG,Comedy
"Negotiator, The",1998,139,50,7.2,19100,R,Action Drama
Peter Pan,2003,113,100,7.2,5596,PG,Action
"Phantom of the Opera, The",2004,143,60,7.2,11283,PG-13,Romance Drama
Rounders,1998,121,12,7.2,13621,R,Drama
"Salton Sea, The",2002,107,18,7.2,5070,R,Drama
Santa sangre,1989,123,0.787,7.2,1165,R,Drama
Savior,1998,104,10,7.2,1775,R,Drama
Smoke Signals,1998,88,2,7.2,2665,PG-13,Comedy Drama
Songcatcher,2000,109,1.8,7.2,927,PG-13,Drama
There's Something About Mary,1998,134,23,7.2,46343,R,RomCom
"Thin Red Line, The",1998,170,52,7.2,25637,R,Action Drama
Thirteen Conversations About One Thing,2001,104,3,7.2,2883,R,Drama
"Upside of Anger, The",2005,118,13.2,7.2,1160,R,RomCom
"Virgin Suicides, The",1999,90,6,7.2,17524,R,Drama
Vor,1997,110,2,7.2,841,R,Drama
Arlington Road,1999,117,21.5,7.1,17189,R,Drama
Bananas,1971,82,2,7.1,4252,PG-13,Comedy
Blow,2001,124,30,7.1,18670,R,Drama
Brigham City,2001,119,1,7.1,405,PG-13,Drama
Cape Fear,1991,128,35,7.1,15585,R,Drama
Confessions of a Dangerous Mind,2002,113,29,7.1,11487,R,Drama
Crimson Tide,1995,116,53,7.1,14033,R,Action Drama
Deconstructing Harry,1997,96,20,7.1,7342,R,Comedy
Dracula,1992,128,40,7.1,19972,R,Romance Drama
Enemy of the State,1998,131,90,7.1,23263,R,Action Drama
"English Patient, The",1996,160,27,7.1,25210,R,Romance Drama
Evelyn,2002,94,10,7.1,1163,PG,Drama
Everything Put Together,2000,87,0.5,7.1,151,R,Drama
Face/Off,1997,133,80,7.1,37506,R,Action Drama
"Fifth Element, The",1997,126,90,7.1,55398,PG-13,Action Drama
Harold & Kumar Go to White Castle,2004,90,9,7.1,8376,R,Comedy
Highlander,1986,116,16,7.1,18146,R,Action
Igby Goes Down,2002,99,9,7.1,7958,R,Comedy Drama
Kundun,1997,128,28,7.1,4306,PG-13,Drama
Lana's Rain,2002,107,0.215,7.1,56,R,Drama
Last Orders,2001,109,12,7.1,1583,R,Drama
"Life of David Gale, The",2003,130,50,7.1,10580,R,Drama
Limbo,1999,126,8.3,7.1,2063,R,Drama
Mallrats,1995,94,6.1,7.1,22837,R,Comedy Drama
"Matrix Reloaded, The",2003,138,127,7.1,57225,R,Action
Mother Night,1996,114,5.5,7.1,1232,R,Romance Drama
Muriel's Wedding,1994,106,3,7.1,6685,R,RomCom
My Dog Skip,2000,95,7,7.1,3109,PG,Drama
One Hour Photo,2002,96,12,7.1,17130,R,Drama
Playing by Heart,1998,121,14,7.1,4958,R,Romance Drama
Pollock,2000,132,6,7.1,4013,R,Drama
Runaway Jury,2003,127,60,7.1,10761,PG-13,Drama
Saved!,2004,92,5,7.1,6504,PG-13,Comedy Drama
Signs,2002,108,72,7.1,40285,PG-13,Drama
Slam,1998,100,1,7.1,569,R,Drama
Speed,1994,116,28,7.1,32979,R,Action
Spring Forward,1999,110,2,7.1,307,R,Drama
Superman,1978,151,55,7.1,17327,PG,Action
Swimming with Sharks,1994,101,0.7,7.1,4837,R,Comedy Drama
"Terminal, The",2004,128,60,7.1,15809,PG-13,RomCom
Thirteen,2003,100,1.5,7.1,8652,R,Drama
Trees Lounge,1996,95,1.3,7.1,3155,R,Comedy Drama
Troy,2004,162,185,7.1,33979,R,Action Drama
Twin Falls Idaho,1999,111,0.5,7.1,1547,R,Drama
Unbreakable,2000,106,75,7.1,35842,PG-13,Drama
We Were Soldiers,2002,143,75,7.1,14939,R,Action Drama
Alferd Packer: The Musical,1996,97,0.125,7,2298,R,RomCom
Amistad,1997,152,40,7,10543,R,Drama
Antz,1998,83,60,7,16312,PG,Animated
Austin Powers: International Man of Mystery,1997,94,17,7,33755,PG-13,Action Comedy
Bridget Jones's Diary,2001,97,26,7,24791,R,RomCom
Buffalo Soldiers,2001,98,15,7,3753,R,Comedy Drama
"Crimen del padre Amaro, El",2002,118,1.8,7,2469,R,Romance Drama
"Devil's Advocate, The",1997,144,57,7,26904,R,Drama
Die Hard: With a Vengeance,1995,131,90,7,25258,R,Action
Edges of the Lord,2001,95,7.5,7,639,R,Drama
Elf,2003,95,33,7,10165,PG,Comedy
"End of the Affair, The",1999,102,23,7,4808,R,Romance Drama
Ever After,1998,121,26,7,10250,PG,RomCom
Eyes Wide Shut,1999,159,65,7,37868,R,Drama
Final Solution,2001,110,1.5,7,32,R,Action Drama
Friday Night Lights,2004,117,30,7,4290,PG-13,Drama
Get Shorty,1995,105,30.25,7,14825,R,Comedy Drama
"Girl, Interrupted",1999,127,24,7,16362,R,Drama
How to Kill Your Neighbor's Dog,2000,107,7.3,7,907,R,Comedy Drama
Husbands,1970,131,1,7,373,PG-13,Drama
I Capture the Castle,2003,111,8,7,947,R,Romance Drama
I Heart Huckabees,2004,106,22,7,7262,R,Comedy
"I, Robot",2004,115,105,7,22330,PG-13,Action
"Ideal Husband, An",1999,97,14,7,4584,PG-13,RomCom
Imaginary Heroes,2004,112,10,7,411,R,Comedy Drama
Jake's Booty Call,2003,77,0.05,7,10,R,Comedy
Japanese Story,2003,105,5.74,7,1330,R,Drama
Kingdom of Heaven,2005,145,130,7,6498,R,Action Drama
Kissing Jessica Stein,2001,97,1,7,4236,R,RomCom
Mean Girls,2004,97,17,7,11591,PG-13,Comedy Drama
Meet the Parents,2000,108,55,7,30804,PG-13,Comedy
Mighty Aphrodite,1995,95,15,7,7083,R,Comedy
Modigliani,2004,128,12,7,155,R,Drama
My Family,1995,128,5.5,7,859,R,Drama
Notting Hill,1999,124,42,7,27285,PG-13,RomCom
One True Thing,1998,127,30,7,2534,R,Drama
Owning Mahowny,2003,104,10,7,1999,R,Drama
Panic Room,2002,113,48,7,24302,R,Drama
Real Women Have Curves,2002,87,3,7,1944,PG-13,Comedy Drama
"Rock, The",1996,136,75,7,46184,R,Action Drama
Ronin,1998,121,55,7,21982,R,Action
Sleepers,1996,147,44,7,17896,R,Drama
Spy Game,2001,126,92,7,16736,R,Action Drama
Star Wars: Episode II - Attack of the Clones,2002,120,120,7,63889,PG,Action
Suicide Kings,1997,106,5,7,6117,R,Comedy Drama
Sunshine State,2002,141,5.6,7,1481,PG-13,Drama
"Talented Mr. Ripley, The",1999,139,40,7,25974,R,Drama
Wag the Dog,1997,97,15,7,16434,R,Comedy
Zero Effect,1998,116,5,7,4820,R,Comedy
Affliction,1997,114,6,6.9,3679,R,Drama
"American President, The",1995,114,62,6.9,11834,PG-13,RomCom
"Beautiful Country, The",2004,137,6,6.9,115,R,Drama
"Bridges of Madison County, The",1995,135,22,6.9,7633,PG-13,Romance Drama
"Contender, The",2000,126,9,6.9,7023,R,Drama
Emma,1996,121,6,6.9,6431,PG,RomCom
Everyone Says I Love You,1996,101,20,6.9,7314,R,RomCom
Freaky Friday,2003,97,26,6.9,8052,PG,Comedy Drama
"Good Girl, The",2002,93,5,6.9,8254,R,Comedy Drama
"Great White Hope, The",1970,103,6,6.9,369,PG-13,Drama
"Hitchhiker's Guide to the Galaxy, The",2005,110,50,6.9,7644,PG,Comedy
"House of Mirth, The",2000,140,10,6.9,2167,PG,Romance Drama
"Italian Job, The",2003,111,60,6.9,18496,PG-13,Action
Jay and Silent Bob Strike Back,2001,104,22,6.9,24211,R,Comedy
Jesus' Son,1999,107,2.5,6.9,2291,R,Drama
Little Secrets,2001,97,2.5,6.9,457,PG,Drama
Lovely & Amazing,2001,91,0.25,6.9,1813,R,Comedy Drama
Manny & Lo,1996,88,0.5,6.9,395,R,Drama
Moonlight Mile,2002,117,20,6.9,3479,PG-13,Romance Drama
Mumford,1999,112,28,6.9,3384,R,Comedy Drama
My Big Fat Greek Wedding,2002,95,5,6.9,21675,PG,RomCom
Nil by Mouth,1997,128,9,6.9,1159,R,Drama
Panic,2000,88,1,6.9,2524,R,Comedy Drama
"Pledge, The",2001,123,45,6.9,9852,R,Drama
"Prince of Egypt, The",1998,99,60,6.9,9212,PG,Animated
Radio,2003,109,35,6.9,3594,PG,Drama
Return to Me,2000,115,24,6.9,5057,PG,RomCom
Saints and Soldiers,2003,90,0.78,6.9,689,PG-13,Action Drama
"Shape of Things, The",2003,96,4,6.9,1816,R,Drama
"Shipping News, The",2001,111,35,6.9,7695,R,Romance Drama
Strange Days,1995,145,42,6.9,11869,R,Action Drama
Terminator 3: Rise of the Machines,2003,109,175,6.9,32111,R,Action
"Time to Kill, A",1996,149,40,6.9,15577,R,Drama
Titanic,1997,194,200,6.9,90195,PG-13,Romance Drama
Tumbleweeds,1999,102,0.312,6.9,1146,PG-13,Comedy Drama
Urbania,2000,106,0.225,6.9,1089,R,Drama
Vanilla Sky,2001,136,68,6.9,31250,R,Romance Drama
Walking Across Egypt,1999,100,4.5,6.9,247,PG-13,Drama
White Oleander,2002,109,16,6.9,4545,PG-13,Drama
Wilde,1997,118,10,6.9,2545,R,Drama
50 First Dates,2004,99,75,6.8,13497,PG-13,RomCom
8 Mile,2002,110,41,6.8,17900,R,Drama
All the Real Girls,2003,108,1,6.8,1745,R,Romance Drama
American Pie,1999,95,11,6.8,41126,R,Comedy
American Psycho,2000,102,8,6.8,21639,R,Drama
Artificial Intelligence: AI,2001,146,90,6.8,36623,PG-13,Drama
Avalon,2001,106,8,6.8,2723,R,Animated
Blade,1998,110,45,6.8,24372,R,Action
Boiler Room,2000,118,9,6.8,8586,R,Drama
"Bread, My Sweet, The",2001,105,0.6,6.8,257,PG-13,Romance Drama
Clockers,1995,129,25,6.8,3099,R,Drama
Confidence,2003,97,15,6.8,6168,R,Drama
"Curse of the Jade Scorpion, The",2001,103,26,6.8,5846,PG-13,Comedy Drama
"Deep End, The",2001,101,3,6.8,3524,R,Drama
Desperado,1995,106,7,6.8,17929,R,Action
Dom durakov,2002,104,2.5,6.8,382,R,Drama
From Dusk Till Dawn,1996,108,20,6.8,28473,R,Action Comedy
"Gift, The",2000,111,10,6.8,12440,R,Drama
GoldenEye,1995,130,80,6.8,22991,PG-13,Action
Happy Gilmore,1996,92,10,6.8,17746,PG-13,Comedy
"Importance of Being Earnest, The",2002,97,15,6.8,3598,PG,RomCom
"Intended, The",2002,110,3.8,6.8,40,R,Drama
Keeping the Faith,2000,128,30,6.8,11351,PG-13,RomCom
Lolita,1997,137,58,6.8,5757,R,Romance Drama
"Man from Elysian Fields, The",2001,106,6.5,6.8,1198,R,Drama
"Mask of Zorro, The",1998,136,65,6.8,18220,PG-13,Action Comedy
May,2002,93,1.7,6.8,3324,R,Drama
Men in Black,1997,98,90,6.8,53231,PG-13,Action Comedy
"Mudge Boy, The",2003,94,0.8,6.8,204,R,Drama
Mute Witness,1994,95,2,6.8,1202,R,Comedy
Nixon,1995,212,50,6.8,5837,R,Drama
Othello,1995,123,11,6.8,1852,R,Drama
"Outsiders, The",1983,91,10,6.8,7125,PG-13,Drama
"Patriot, The",2000,164,110,6.8,29665,R,Action Drama
Primary Colors,1998,143,65,6.8,7756,R,Comedy Drama
"Rainmaker, The",1997,135,40,6.8,8620,PG-13,Drama
Rob Roy,1995,133,28,6.8,6652,R,Action Drama
Rosewood,1997,140,31,6.8,1840,R,Action Drama
"Score, The",2001,124,68,6.8,16106,R,Drama
Simon Birch,1998,113,20,6.8,4612,PG,Comedy Drama
Spider,2002,94,8,6.8,5193,R,Drama
Stripes,1981,106,10,6.8,7406,R,Comedy
Veronica Guerin,2003,92,17,6.8,2688,R,Drama
"Walk to Remember, A",2002,101,11,6.8,7124,PG,Romance Drama
Welcome to Sarajevo,1997,103,9,6.8,1465,R,Drama
Without Limits,1998,117,25,6.8,1249,PG-13,Drama
10 Things I Hate About You,1999,97,16,6.7,19095,PG-13,RomCom
Auto Focus,2002,105,7,6.7,3276,R,Drama
Bandits,2001,123,80,6.7,12382,PG-13,RomCom
Beyond the Sea,2004,118,24,6.7,1051,PG-13,Drama
Breakdown,1997,95,36,6.7,7099,R,Action
Bringing Out the Dead,1999,121,32,6.7,13989,R,Drama
"Brother from Another Planet, The",1984,106,0.3,6.7,1133,R,Comedy Drama
Clueless,1995,97,20,6.7,16521,PG-13,RomCom
Cop Land,1997,116,15,6.7,12677,R,Drama
Courage Under Fire,1996,117,46,6.7,8884,R,Action Drama
Cradle Will Rock,1999,132,32,6.7,3375,R,Drama
"Emperor's Club, The",2002,109,12.5,6.7,3056,PG-13,Drama
Friday,1995,91,3.5,6.7,7020,R,Comedy Drama
Hearts in Atlantis,2001,101,31,6.7,6577,PG-13,Drama
Hellboy,2004,132,66,6.7,15565,PG-13,Action
Hit and Runway,1999,108,1.2,6.7,189,R,Comedy
How Harry Became a Tree,2001,99,6,6.7,115,R,Drama
Interview with the Assassin,2002,88,0.75,6.7,409,R,Drama
Jerry and Tom,1998,106,5,6.7,447,R,Comedy Drama
Jing cha gu shi III: Chao ji jing cha,1992,95,0.9,6.7,2024,R,Action Comedy
Lemony Snicket's A Series of Unfortunate Events,2004,108,125,6.7,8402,PG,Comedy
Love & Basketball,2000,124,15,6.7,2093,PG-13,Romance Drama
"Majestic, The",2001,156,72,6.7,8649,PG,Romance Drama
Next Stop Wonderland,1998,104,1,6.7,1467,R,RomCom
Old School,2003,92,24,6.7,14283,R,Comedy
"Otra conquista, La",1998,106,3.5,6.7,140,R,Drama
Pay It Forward,2000,123,40,6.7,13531,PG-13,Romance Drama
Raising Victor Vargas,2002,88,0.8,6.7,1785,R,RomCom
Ravenous,1999,108,12,6.7,5915,R,Comedy Drama
Romeo + Juliet,1996,120,14.5,6.7,22306,PG-13,Action Drama
"Rules of Attraction, The",2002,110,4,6.7,8552,R,RomCom
Rush Hour,1998,93,35,6.7,18336,PG-13,Action Comedy
Shanghai Noon,2000,110,55,6.7,12258,PG-13,Action Comedy
Snow Falling on Cedars,1999,127,36,6.7,4536,PG-13,Drama
Spanglish,2004,130,80,6.7,4698,PG-13,RomCom
Starship Troopers,1997,129,95,6.7,32618,R,Action
Tea with Mussolini,1999,117,12,6.7,2711,PG,Comedy Drama
"Thomas Crown Affair, The",1999,113,48,6.7,17220,R,RomCom
Under the Tuscan Sun,2003,113,18,6.7,4183,PG-13,RomCom
"X Files, The",1998,121,66,6.7,18314,PG-13,Action
Analyze This,1999,109,30,6.6,24521,R,Comedy
Anna and the King,1999,148,75,6.6,6739,PG-13,Romance Drama
Barbershop,2002,102,12,6.6,4943,PG-13,Comedy Drama
Blade II,2002,108,55,6.6,17139,R,Action
Blue Hill Avenue,2001,120,1.2,6.6,85,R,Drama
Changing Lanes,2002,99,45,6.6,12779,R,Drama
Chuck&Buck,2000,96,0.25,6.6,1919,R,Comedy Drama
Coach Carter,2005,136,30,6.6,1636,PG-13,Drama
Dark Blue,2002,118,15,6.6,3882,R,Action Drama
Dodgeball: A True Underdog Story,2004,92,20,6.6,14584,PG-13,Comedy
Dumb & Dumber,1994,101,16,6.6,27713,PG-13,Comedy
Fever Pitch,2005,98,39.69,6.6,1712,PG-13,RomCom
Finding Graceland,1998,106,10,6.6,504,PG-13,Drama
"Firm, The",1993,154,42,6.6,14708,R,Drama
Get on the Bus,1996,120,2.4,6.6,1142,R,Drama
He Got Game,1998,137,25,6.6,4198,R,Drama
Hidalgo,2004,136,78,6.6,7328,PG-13,Action Drama
Hurricane,1997,91,0.5,6.6,424,R,Drama
"Interpreter, The",2005,128,80,6.6,4678,PG-13,Drama
Intolerable Cruelty,2003,100,60,6.6,11967,PG-13,RomCom
James and the Giant Peach,1996,79,38,6.6,3144,PG,Animated
K-19: The Widowmaker,2002,140,100,6.6,8292,PG-13,Drama
Kingpin,1996,117,25,6.6,10643,PG-13,Comedy
Love Liza,2002,90,1,6.6,1588,R,Drama
Meet Joe Black,1998,178,90,6.6,16796,PG-13,Romance Drama
Men of Honor,2000,129,32,6.6,9684,R,Drama
Mission: Impossible,1996,110,75,6.6,33496,PG-13,Action
"Molly Maguires, The",1970,124,11,6.6,455,PG,Drama
Music of the Heart,1999,124,27,6.6,2348,PG,Drama
National Treasure,2004,131,100,6.6,12361,PG,Action
No Way Home,1996,99,4,6.6,328,R,Drama
Nurse Betty,2000,110,24,6.6,10441,R,RomCom
Poolhall Junkies,2002,94,4,6.6,1411,R,Drama
Private Parts,1997,109,20,6.6,9289,R,Comedy Drama
Ransom,1996,139,80,6.6,17678,R,Action Drama
Restoration,1995,117,18,6.6,1874,R,Drama
Ripley's Game,2002,112,30,6.6,2680,R,Drama
Serendipity,2001,90,28,6.6,10795,PG-13,RomCom
Session 9,2001,97,1.5,6.6,3718,R,Drama
Seven Years in Tibet,1997,139,70,6.6,9426,PG-13,Drama
Shooting Fish,1997,103,3,6.6,2701,PG,RomCom
Steamboy,2004,126,20,6.6,529,PG-13,Animated
"Sum of All Fears, The",2002,123,68,6.6,15835,PG-13,Action Drama
Swiri,1999,125,5,6.6,1704,R,Action
Things to Do in Denver When You're Dead,1995,115,8,6.6,5703,R,Romance Drama
Treasure Planet,2002,95,140,6.6,3724,PG,Animated
Unfaithful,2002,125,50,6.6,8713,R,Drama
"Village, The",2004,108,60,6.6,25729,PG-13,Drama
"Walk on the Moon, A",1999,105,14,6.6,1815,R,Romance Drama
Walking and Talking,1996,86,1,6.6,888,R,RomCom
War and Peace,1956,208,6,6.6,795,PG,Romance Drama
What Lies Beneath,2000,130,90,6.6,20584,PG-13,Drama
Anchorman: The Legend of Ron Burgundy,2004,104,26,6.5,11553,PG-13,Comedy
Anything Else,2003,108,18,6.5,3678,R,RomCom
Austin Powers: The Spy Who Shagged Me,1999,95,33,6.5,37019,PG-13,Action Comedy
Cherish,2002,99,1.5,6.5,743,R,Comedy Drama
Copycat,1995,123,20,6.5,7804,R,Drama
Crazy/Beautiful,2001,135,14,6.5,4503,PG-13,Romance Drama
Cruel Intentions,1999,97,11,6.5,25634,R,Romance Drama
Ella Enchanted,2004,96,35,6.5,2502,PG,RomCom
Eulogy,2004,91,10,6.5,773,R,Comedy Drama
"Family Man, The",2000,125,60,6.5,11220,PG-13,RomCom
Final Fantasy: The Spirits Within,2001,106,137,6.5,16451,PG-13,Animated
Freeway,1996,102,3,6.5,4961,R,Drama
Grace of My Heart,1996,116,5,6.5,982,R,Comedy Drama
"Home at the End of the World, A",2004,96,6.5,6.5,1693,R,Romance Drama
Hong faan kui,1996,91,7.5,6.5,4644,R,Action Comedy
"House of Yes, The",1997,85,1.5,6.5,2345,R,Comedy Drama
"Incredibly True Adventure of Two Girls in Love, The",1995,94,0.25,6.5,795,R,RomCom
"Knight's Tale, A",2001,132,41,6.5,15006,PG-13,Action Comedy
Liar Liar,1997,86,45,6.5,22969,PG-13,Comedy
Living Out Loud,1998,103,12,6.5,1774,R,RomCom
"Long Kiss Goodnight, The",1996,120,65,6.5,12516,R,Action Drama
Love and Other Catastrophes,1996,78,0.25,6.5,783,R,RomCom
Made,2001,94,5,6.5,4487,R,Comedy Drama
Marvin's Room,1996,98,23,6.5,4005,PG-13,Comedy Drama
Matilda,1996,102,36,6.5,4351,PG,Comedy Drama
Meet the Fockers,2004,115,80,6.5,11950,PG-13,Comedy
"Mummy, The",1999,124,76,6.5,36216,PG-13,Action Comedy
"Other Side of Heaven, The",2001,113,7,6.5,683,PG,Drama
Paint Your Wagon,1969,158,20,6.5,2011,PG-13,Comedy
Rat Race,2001,112,48,6.5,13913,PG-13,Comedy
"Rundown, The",2003,104,85,6.5,8067,PG-13,Action Comedy
Rush Hour 2,2001,86,90,6.5,16581,PG-13,Action Comedy
Shade,2003,101,6.8,6.5,1616,R,Drama
Sidewalks of New York,2001,108,1,6.5,1998,R,RomCom
Sinbad: Legend of the Seven Seas,2003,86,60,6.5,2340,PG,Animated
Sky Captain and the World of Tomorrow,2004,106,40,6.5,12579,PG,Action
Small Time Crooks,2000,94,18,6.5,6218,PG,RomCom
Soul Food,1997,114,7.5,6.5,1166,R,Comedy Drama
"SpongeBob SquarePants Movie, The",2004,90,30,6.5,2672,PG,Animated
Star Trek: Nemesis,2002,116,70,6.5,11785,PG-13,Action Drama
Summer of Sam,1999,142,22,6.5,8151,R,Romance Drama
THX 1138,1971,88,0.777,6.5,4274,R,Drama
Tuck Everlasting,2002,96,15,6.5,2055,PG,Romance Drama
Twin Peaks: Fire Walk with Me,1992,135,10,6.5,6927,R,Drama
U Turn,1997,125,19,6.5,10306,R,Drama
U-571,2000,116,62,6.5,15792,PG-13,Action Drama
While You Were Sleeping,1995,103,17,6.5,13035,PG,RomCom
13 Going On 30,2004,98,37,6.4,7859,PG-13,RomCom
Absolute Power,1997,121,50,6.4,7995,R,Drama
Ali,2001,165,107,6.4,9294,R,Drama
Any Given Sunday,1999,156,62,6.4,19531,R,Drama
Apt Pupil,1998,112,14,6.4,6728,R,Drama
Atlantis: The Lost Empire,2001,95,90,6.4,6323,PG,Animated
Bad Boys,1995,118,23,6.4,15326,R,Action Comedy
Beyond Rangoon,1995,100,23,6.4,1285,R,Drama
Big Trouble,2002,85,40,6.4,4088,PG-13,Comedy
Blast from the Past,1999,112,35,6.4,9483,PG-13,RomCom
Bowfinger,1999,97,55,6.4,15000,PG-13,Comedy
"Brothers McMullen, The",1995,98,0.0238,6.4,2325,R,Comedy Drama
Bruce Almighty,2003,101,81,6.4,23905,PG-13,RomCom
Cellular,2004,94,25,6.4,6182,PG-13,Action
"Civil Action, A",1998,112,60,6.4,6847,PG-13,Drama
Clay Pigeons,1998,104,8,6.4,2658,R,Comedy Drama
Code 46,2003,92,7.5,6.4,2094,R,Romance Drama
Conspiracy Theory,1997,135,75,6.4,15470,R,Romance Drama
CQ,2001,91,7,6.4,1315,R,Comedy Drama
Dancing in September,2000,102,0.85,6.4,166,R,Drama
Die Another Day,2002,133,142,6.4,22136,PG-13,Action
Drive,1997,117,3.5,6.4,1086,R,Action Comedy
"Game of Their Lives, The",2005,101,20,6.4,125,PG,Drama
"Ghost and the Darkness, The",1996,109,55,6.4,8360,R,Action Drama
God's Army,2000,108,0.3,6.4,354,PG,Drama
"Happy, Texas",1999,98,1.7,6.4,3453,PG-13,Comedy
"Horse Whisperer, The",1998,170,60,6.4,6744,PG-13,Romance Drama
Incident at Loch Ness,2004,94,1.4,6.4,251,PG-13,Comedy
Intermission,2003,102,5,6.4,1971,R,Comedy Drama
Jersey Girl,2004,102,35,6.4,6853,PG-13,Comedy Drama
John Q,2002,116,36,6.4,8952,PG-13,Drama
Kiss the Girls,1997,111,27,6.4,9041,R,Drama
"Ladykillers, The",2004,104,35,6.4,10580,R,Comedy
"Last Castle, The",2001,131,60,6.4,7233,R,Action Drama
Legally Blonde,2001,96,18,6.4,17572,PG-13,Comedy
"Legend of Bagger Vance, The",2000,126,60,6.4,7123,PG-13,RomCom
Levity,2003,100,7.5,6.4,1459,R,Drama
"Life Less Ordinary, A",1997,103,12,6.4,8209,R,RomCom
Midnight in the Garden of Good and Evil,1997,155,30,6.4,8517,R,Drama
Mutant Aliens,2001,81,0.2,6.4,223,R,Animated
My Best Friend's Wedding,1997,105,46,6.4,16648,PG-13,RomCom
"Mystery, Alaska",1999,119,28,6.4,5440,R,Comedy Drama
Outbreak,1995,127,50,6.4,13796,R,Drama
Pecker,1998,87,6,6.4,4013,R,Comedy
Primer,2004,77,0.007,6.4,1466,PG-13,Drama
Rare Birds,2001,99,5,6.4,471,R,Comedy Drama
Robots,2005,91,75,6.4,4089,PG,Animated
Slums of Beverly Hills,1998,92,5,6.4,2914,R,Comedy Drama
Star Wars: Episode I - The Phantom Menace,1999,133,115,6.4,84488,PG,Action
Titan A.E.,2000,94,75,6.4,9373,PG,Animated
Tomorrow Never Dies,1997,119,110,6.4,19397,PG-13,Action
Under Suspicion,2000,111,25,6.4,3718,R,Drama
Vatel,2000,125,36,6.4,1322,PG-13,Romance Drama
What Women Want,2000,127,65,6.4,20138,PG-13,RomCom
Where the Heart Is,2000,120,15,6.4,5042,PG-13,RomCom
White Squall,1996,129,38,6.4,3445,PG-13,Drama
Wicker Park,2004,114,30,6.4,3143,PG-13,Romance Drama
Your Friends & Neighbors,1998,100,5,6.4,2659,R,Comedy Drama
Air Force One,1997,124,85,6.3,26156,R,Action Drama
American Pie 2,2001,105,30,6.3,22752,R,Comedy
American Wedding,2003,103,55,6.3,13590,R,Comedy
Assault on Precinct 13,2005,109,20,6.3,2960,R,Action Drama
"Badge, The",2002,103,6,6.3,740,R,Action Drama
Bamboozled,2000,135,10,6.3,2356,R,Comedy Drama
"Basket, The",1999,105,3,6.3,200,PG,Drama
Best Laid Plans,1999,92,7,6.3,1795,R,Drama
Blood Work,2002,110,50,6.3,5965,R,Drama
Bride & Prejudice,2004,122,7,6.3,1503,PG-13,RomCom
City by the Sea,2002,108,60,6.3,4886,R,Drama
Crime Spree,2003,98,10,6.3,953,R,Comedy
"Day After Tomorrow, The",2004,124,125,6.3,23749,PG-13,Action Drama
Dead Presidents,1995,119,15,6.3,2641,R,Action Drama
Death to Smoochy,2002,109,55,6.3,8003,R,Comedy
"Defender, The",2004,90,6,6.3,58,R,Action
Dick,1999,94,13,6.3,5004,PG-13,Comedy
Dinosaur,2000,82,127.5,6.3,5839,PG,Animated
Feng yun xiong ba tian xia,1998,85,10,6.3,922,PG-13,Action
Goat on Fire and Smiling Fish,1999,90,0.04,6.3,254,R,RomCom
Guinevere,1999,104,2.6,6.3,804,R,Romance Drama
Hollywood Ending,2002,112,16,6.3,3673,PG-13,Comedy Drama
Kate & Leopold,2001,123,48,6.3,8060,PG-13,RomCom
Keane,2004,100,0.85,6.3,34,R,Drama
Lethal Weapon 4,1998,127,140,6.3,17758,R,Action Comedy
Love Object,2003,88,1,6.3,427,R,Comedy
Lucky Break,2001,108,6,6.3,707,PG-13,Comedy
"Matrix Revolutions, The",2003,125,110,6.3,40058,R,Action
Mindhunters,2004,102,27,6.3,3925,R,Action
Muertos de risa,1999,111,3.5,6.3,334,R,Comedy
My Fellow Americans,1996,101,21.5,6.3,2752,PG-13,Comedy
Nochnoy dozor,2004,115,4.2,6.3,1020,R,Action
O,2001,95,5,6.3,4555,R,Romance Drama
One Eight Seven,1997,119,23,6.3,2958,R,Drama
Onegin,1999,106,14,6.3,1327,R,Romance Drama
Phenomenon,1996,123,32,6.3,12075,PG,Romance Drama
Proof of Life,2000,135,65,6.3,9592,R,Action Drama
"Road to El Dorado, The",2000,89,95,6.3,2838,PG,Animated
Road Trip,2000,94,15.6,6.3,15981,R,Comedy
Rules of Engagement,2000,128,60,6.3,7903,R,Drama
Secret Window,2004,96,40,6.3,13260,PG-13,Drama
Serial Mom,1994,95,13,6.3,4750,R,Comedy
Shanghai Knights,2003,114,50,6.3,7279,PG-13,Action Comedy
"Shot at Glory, A",2000,114,9,6.3,286,R,Drama
Smilla's Sense of Snow,1997,120,35,6.3,3722,R,Action Drama
Solaris,2002,99,47,6.3,11808,PG-13,Romance Drama
Star Trek: Insurrection,1998,103,58,6.3,13395,PG,Action Drama
Starsky & Hutch,2004,101,60,6.3,13529,PG-13,Action Comedy
Super Troopers,2001,100,3,6.3,7728,R,Comedy
Tadpole,2002,78,0.15,6.3,1769,PG-13,RomCom
What Dreams May Come,1998,113,85,6.3,11706,PG-13,Romance Drama
Wimbledon,2004,98,31,6.3,4297,PG-13,RomCom
"Work and the Glory, The",2004,118,7.5,6.3,180,PG,Romance Drama
"World Is Not Enough, The",1999,128,135,6.3,24205,PG-13,Action
"Yards, The",2000,115,20,6.3,3386,R,Drama
Ace Ventura: Pet Detective,1994,86,12,6.2,20705,PG-13,Comedy
Austin Powers in Goldmember,2002,94,63,6.2,22870,PG-13,Action Comedy
Baby Boy,2001,130,16,6.2,1476,R,Romance Drama
"Ballad of Jack and Rose, The",2005,112,1.5,6.2,269,R,Drama
Basic,2003,98,50,6.2,8370,R,Drama
Beavis and Butt-Head Do America,1996,81,12,6.2,9491,PG-13,Animated
Bicentennial Man,1999,132,100,6.2,8925,PG,Romance Drama
"Bone Collector, The",1999,118,48,6.2,17766,R,Drama
But I'm a Cheerleader,1999,85,1.2,6.2,3897,R,RomCom
Can't Hardly Wait,1998,101,10,6.2,8191,PG-13,RomCom
"Chronicles of Riddick, The",2004,135,110,6.2,11438,PG-13,Action
City of Angels,1998,114,55,6.2,15333,PG-13,Romance Drama
"Company, The",2003,112,15,6.2,1505,PG-13,Drama
Don't Say a Word,2001,113,50,6.2,10098,R,Drama
Edtv,1999,122,60,6.2,10085,PG-13,Comedy
Emmett's Mark,2002,104,4.5,6.2,427,R,Drama
Evita,1996,134,55,6.2,8371,PG,Drama
"Four Feathers, The",2002,125,80,6.2,4400,PG-13,Drama
Grumpier Old Men,1995,101,25,6.2,3711,PG-13,RomCom
Hart's War,2002,125,70,6.2,6368,R,Drama
"Heart of Me, The",2002,96,7,6.2,336,R,Romance Drama
Heartbreakers,2001,110,40,6.2,8037,PG-13,RomCom
High Strung,1991,93,0.3,6.2,391,PG,Comedy
I Married a Strange Person!,1997,74,0.25,6.2,391,R,Animated
I'm with Lucy,2002,90,15,6.2,646,R,RomCom
In & Out,1997,92,35,6.2,10352,PG-13,Comedy
Just Looking,1999,97,3,6.2,436,R,Comedy
Kiss of the Dragon,2001,98,25,6.2,7887,R,Action Drama
Love Story,1970,99,2.2,6.2,2844,PG,Romance Drama
Miss Congeniality,2000,109,45,6.2,16235,PG-13,Comedy
Northfork,2003,103,1.9,6.2,1521,PG-13,Drama
Osmosis Jones,2001,95,75,6.2,3410,PG,Animated
Pandaemonium,2000,124,15,6.2,244,PG-13,Drama
"Perfect Storm, The",2000,130,120,6.2,24946,PG-13,Action Drama
"Powerpuff Girls, The",2002,73,10,6.2,1334,PG,Animated
Price of Glory,2000,118,10,6.2,265,PG-13,Drama
Prozac Nation,2001,99,9,6.2,940,R,Drama
"Punisher, The",2004,124,33,6.2,9989,R,Action
"Replacements, The",2000,114,50,6.2,7617,PG-13,Comedy
Resident Evil,2002,100,35,6.2,18978,R,Action
Riding in Cars with Boys,2001,132,48,6.2,4627,PG-13,Comedy Drama
Six-String Samurai,1998,91,2,6.2,1163,PG-13,Action
Snitch,1998,90,11,6.2,412,R,Action Drama
Spun,2002,106,2.8,6.2,3924,R,Comedy Drama
Stark Raving Mad,2002,102,5,6.2,601,R,Comedy
Stolen Summer,2002,91,1.5,6.2,801,PG,Drama
Swordfish,2001,99,80,6.2,20455,R,Action
Tears of the Sun,2003,121,70,6.2,8690,R,Action Drama
Timecode,2000,97,4,6.2,2320,R,Comedy Drama
Tin Cup,1996,135,45,6.2,7521,R,RomCom
"Walk in the Clouds, A",1995,102,20,6.2,4085,PG-13,Romance Drama
Where the Money Is,2000,89,18,6.2,1461,PG-13,Comedy Drama
Where's Marlowe?,1998,97,3.5,6.2,188,R,Comedy
Willard,2003,100,22,6.2,2913,PG-13,Comedy Drama
"Wood, The",1999,102,6,6.2,1170,R,RomCom
You've Got Mail,1998,119,65,6.2,20053,PG,RomCom
"13th Warrior, The",1999,102,85,6.1,14344,R,Action
15 Minutes,2001,120,42,6.1,10866,R,Drama
"51st State, The",2001,92,28,6.1,6752,R,Action Comedy
Along Came a Spider,2001,104,28,6.1,9456,R,Drama
Bad Boys II,2003,145,130,6.1,13087,R,Action Comedy
Basil,1998,113,10,6.1,367,R,Romance Drama
Behind Enemy Lines,2001,106,40,6.1,10856,PG-13,Action Drama
Beyond Re-Animator,2003,96,3,6.1,908,R,Comedy
"Big Tease, The",1999,86,4,6.1,670,R,Comedy
Birthday Girl,2001,93,13,6.1,5340,R,RomCom
Bring It On,2000,98,10,6.1,11784,PG-13,Comedy
Broken Vessels,1998,90,0.6,6.1,223,R,Drama
Celebrity,1998,113,12,6.1,4820,R,Comedy
Chain of Fools,2000,96,20,6.1,845,R,Comedy
City Hall,1996,111,40,6.1,4381,R,Drama
Crazy in Alabama,1999,111,15,6.1,2086,PG-13,Comedy Drama
Entrapment,1999,113,66,6.1,18543,PG-13,RomCom
EuroTrip,2004,90,25,6.1,8390,R,Comedy
"Everlasting Piece, An",2000,103,14,6.1,475,R,Comedy
Flawless,1999,112,27,6.1,3287,R,Comedy Drama
For Love of the Game,1999,137,50,6.1,5782,PG-13,Romance Drama
Freddy Vs. Jason,2003,97,25,6.1,11109,R,Action
"General's Daughter, The",1999,116,60,6.1,11128,R,Drama
Heart of America,2003,87,3,6.1,204,R,Drama
Hideous Kinky,1998,98,12,6.1,1615,R,Drama
High Crimes,2002,115,42,6.1,6043,PG-13,Drama
How to Lose a Guy in 10 Days,2003,116,50,6.1,9257,PG-13,RomCom
Hulk,2003,138,120,6.1,20710,PG-13,Action Drama
Independence Day,1996,153,75,6.1,61831,PG-13,Action
Instinct,1999,126,55,6.1,6298,R,Drama
"Kid, The",2000,104,65,6.1,5418,PG,Comedy Drama
Looney Tunes: Back in Action,2003,91,80,6.1,2559,PG,Animated
Losing Isaiah,1995,111,17,6.1,794,R,Drama
Mars Attacks!,1996,106,70,6.1,27363,PG-13,Action Comedy
Mona Lisa Smile,2003,117,65,6.1,6838,PG-13,RomCom
Montana,1998,92,4,6.1,417,R,Action Drama
"Mummy Returns, The",2001,130,98,6.1,23551,PG-13,Action
Open Water,2003,79,0.13,6.1,7204,R,Drama
Orange County,2002,82,18,6.1,8526,PG-13,Comedy Drama
Outside Providence,1999,96,7,6.1,2735,R,RomCom
Patch Adams,1998,115,50,6.1,12110,PG-13,Comedy Drama
Paycheck,2003,119,60,6.1,10383,PG-13,Action
Sabrina,1995,127,58,6.1,7547,PG,RomCom
Safe Men,1998,88,1,6.1,590,R,Comedy
Save the Last Dance,2001,112,13,6.1,7613,PG-13,Romance Drama
Selena,1997,127,20,6.1,2870,PG,Drama
Set It Off,1996,123,9,6.1,1619,R,Action Drama
Shallow Hal,2001,113,40,6.1,13217,PG-13,RomCom
"Sleeping Dictionary, The",2003,109,12,6.1,696,R,Romance Drama
"Statement, The",2003,120,23,6.1,710,R,Drama
Stepmom,1998,124,50,6.1,7470,PG-13,Comedy Drama
Surviving Picasso,1996,125,16,6.1,1139,R,Romance Drama
Switchback,1997,118,38,6.1,2195,R,Action
"Tailor of Panama, The",2001,109,18,6.1,5997,R,Comedy Drama
There Goes My Baby,1994,110,10.5,6.1,253,R,Comedy Drama
U.S. Marshals,1998,131,60,6.1,10315,PG-13,Action Drama
Vanity Fair,2004,141,23,6.1,2151,PG-13,Romance Drama
We Don't Live Here Anymore,2004,101,3,6.1,1387,R,Drama
Welcome to Collinwood,2002,86,12,6.1,2831,R,Comedy
Zoolander,2001,89,28,6.1,18277,PG-13,Comedy
28 Days,2000,103,43,6,7465,PG-13,Drama
After the Sunset,2004,97,58,6,3431,PG-13,Action Comedy
Albino Alligator,1996,97,5,6,2077,R,Drama
Alfie,2004,103,60,6,3492,R,Comedy Drama
Alien: Resurrection,1997,116,70,6,24358,R,Action
Anger Management,2003,106,75,6,14280,PG-13,Comedy
Antitrust,2001,108,30,6,7326,PG-13,Drama
"Battle of Shaker Heights, The",2003,90,1,6,854,PG-13,RomCom
Birth,2004,100,20,6,2600,R,Romance Drama
Blood and Wine,1996,101,26,6,2134,R,Drama
Bruno,2000,108,10,6,295,PG-13,Comedy Drama
"Brylcreem Boys, The",1998,106,6,6,199,PG-13,Romance Drama
Cecil B. DeMented,2000,87,10,6,3464,R,Comedy
Children On Their Birthdays,2002,102,10,6,163,PG,Drama
D.E.B.S.,2004,91,3.5,6,300,PG-13,Action Comedy
Detroit Rock City,1999,95,15,6,4607,R,Comedy
"Dog of Flanders, A",1999,100,7,6,179,PG,Drama
Down and Out with the Dolls,2001,88,1.2,6,37,R,Comedy
Empire,2002,90,3.5,6,1718,R,Action Drama
Flight of the Phoenix,2004,113,45,6,2732,PG-13,Action
Four Rooms,1995,98,4,6,10675,R,Comedy Drama
Frankenstein,1994,123,45,6,6941,R,Drama
Gerry,2002,105,3.5,6,1944,R,Drama
"Golden Bowl, The",2000,130,15,6,1145,R,Drama
Groove,2000,86,0.5,6,1171,R,Drama
Hard Ball,2001,109,21,6,3083,PG-13,Drama
Jumanji,1995,104,65,6,14874,PG,Action Comedy
King Arthur,2004,140,90,6,14272,R,Action Drama
Mad City,1997,115,50,6,3965,PG-13,Drama
"Man in the Iron Mask, The",1998,132,35,6,11127,PG-13,Action Drama
"Me, Myself & Irene",2000,116,51,6,21305,R,Comedy
"Mexican, The",2001,123,38,6,13935,R,RomCom
"Object of My Affection, The",1998,111,15,6,4027,R,RomCom
Ocean's Twelve,2004,125,110,6,14797,PG-13,Comedy
Once Upon a Time in Mexico,2003,102,29,6,14732,R,Action
"Perez Family, The",1995,113,11,6,517,R,RomCom
Queen's Messenger II,2001,90,4,6,27,R,Action
"Rainbow Thief, The",1990,87,10,6,49,R,Drama
Shaft,2000,99,46,6,13742,R,Action
Shall We Dance,2004,106,40,6,3479,PG-13,RomCom
She's the One,1996,96,3.5,6,3779,R,RomCom
"Slaughter Rule, The",2002,112,0.5,6,356,R,Drama
Stigmata,1999,103,32,6,14062,R,Drama
Stuart Little,1999,81,103,6,8009,PG,Comedy
Three to Tango,1999,98,20,6,5719,PG-13,RomCom
Twist,2003,97,0.35,6,197,R,Drama
Undercover Brother,2002,85,25,6,5138,PG-13,Action Comedy
Varsity Blues,1999,100,16,6,7974,R,Drama
Wide Awake,1998,88,7,6,655,PG,Comedy Drama
"6th Day, The",2000,123,82,5.9,12064,PG-13,Action
"Alamo, The",2004,137,95,5.9,3060,PG-13,Action Drama
Anywhere But Here,1999,114,23,5.9,4007,PG-13,Drama
Baptists at Our Barbecue,2004,92,0.5,5.9,62,PG,RomCom
Because of Winn-Dixie,2005,106,14,5.9,483,PG,Comedy Drama
Bedazzled,2000,93,48,5.9,11439,PG-13,Comedy
Big Daddy,1999,93,34.2,5.9,18258,PG-13,Comedy
Brown Sugar,2002,109,8,5.9,941,PG-13,RomCom
Captain Corelli's Mandolin,2001,131,57,5.9,5281,R,Romance Drama
"Craft, The",1996,101,15,5.9,9187,R,Comedy Drama
"Deep End of the Ocean, The",1999,106,40,5.9,2890,PG-13,Drama
Deep Impact,1998,120,75,5.9,22684,PG-13,Drama
Dirty Work,1998,82,13,5.9,4252,PG-13,Comedy
Double Jeopardy,1999,105,40,5.9,13587,R,Drama
"Guru, The",2002,94,11,5.9,3505,R,RomCom
Jakob the Liar,1999,120,15,5.9,2544,PG-13,Comedy Drama
Love's Labour's Lost,2000,93,13,5.9,1254,PG,RomCom
Men with Brooms,2002,102,7.5,5.9,1096,R,RomCom
Novocaine,2001,95,6,5.9,2829,R,Comedy Drama
Overnight Delivery,1998,87,12,5.9,1229,PG-13,RomCom
"Peacemaker, The",1997,124,50,5.9,8994,R,Action
Pushing Tin,1999,119,33,5.9,7528,R,Comedy Drama
S.W.A.T.,2003,117,80,5.9,12732,PG-13,Action
Shark Tale,2004,90,75,5.9,7819,PG,Animated
"Siege, The",1998,116,70,5.9,9725,R,Action Drama
Stuart Little 2,2002,82,120,5.9,2324,PG,Comedy
"Texas Chainsaw Massacre, The",2003,98,9.2,5.9,9587,R,Action
Twister,1996,113,92,5.9,28315,PG-13,Action Drama
Walking Tall,2004,87,56,5.9,4839,PG-13,Action Drama
Wild in the Streets,1968,94,1,5.9,329,R,Drama
Windtalkers,2002,153,115,5.9,9081,R,Action Drama
Along Came Polly,2004,90,42,5.8,9785,PG-13,RomCom
America's Sweethearts,2001,102,48,5.8,11849,PG-13,RomCom
"Awfully Big Adventure, An",1995,112,4,5.8,608,R,Drama
"Beach, The",2000,119,50,5.8,15020,R,Drama
Bounce,2000,106,35,5.8,5390,PG-13,Romance Drama
Charlie's Angels,2000,94,92,5.8,25705,PG-13,Action Comedy
Cheaper by the Dozen,2003,98,40,5.8,5977,PG,Comedy Drama
"Confession, The",1999,114,4,5.8,519,R,Drama
Critical Care,1997,107,12,5.8,397,R,Comedy Drama
Dragonfly,2002,104,60,5.8,5431,PG-13,Drama
Duets,2000,112,15,5.8,2414,R,Comedy Drama
Eraser,1996,115,100,5.8,14641,R,Action Drama
Evolution,2001,101,80,5.8,14232,PG-13,Comedy
"Forgotten, The",2004,94,42,5.8,8234,PG-13,Drama
Freeze Frame,2004,99,2,5.8,189,R,Drama
Go Fish,1994,84,0.015,5.8,621,R,Romance Drama
Harriet the Spy,1996,100,13,5.8,845,PG,Comedy Drama
Impostor,2002,102,40,5.8,3292,R,Action Drama
Kansas City,1996,116,19,5.8,1077,R,Drama
Life,1999,108,75,5.8,4857,R,Comedy Drama
Mickey Blue Eyes,1999,102,40,5.8,7247,PG-13,RomCom
Mousehunt,1997,99,38,5.8,4637,PG,Action Comedy
Mrs. Winterbourne,1996,105,25,5.8,1310,PG-13,RomCom
Mystery Men,1999,121,68,5.8,13331,PG-13,Action Comedy
"Nutty Professor, The",1996,95,54,5.8,12273,PG-13,RomCom
Party Monster,2003,98,5,5.8,1976,R,Drama
Reign of Fire,2002,101,95,5.8,11452,PG-13,Action
"Replacement Killers, The",1998,87,30,5.8,6825,R,Action
Rock Star,2001,105,38,5.8,5100,R,Comedy Drama
Romeo Must Die,2000,115,25,5.8,10229,R,Action Drama
Sahara,2005,124,130,5.8,3004,PG-13,Action Comedy
Small Soldiers,1998,110,40,5.8,6938,PG-13,Action Comedy
Spy Kids 2: Island of Lost Dreams,2002,99,39,5.8,3175,PG,Action Comedy
Sugar Town,1999,92,0.25,5.8,307,R,Comedy
Sweet Home Alabama,2002,108,38,5.8,9943,PG-13,RomCom
Triggermen,2002,96,12,5.8,317,R,Comedy
Tromeo and Juliet,1996,108,0.35,5.8,1030,R,Comedy Drama
Two Can Play That Game,2001,93,6,5.8,843,R,RomCom
Two Weeks Notice,2002,101,60,5.8,15010,PG-13,RomCom
Van Wilder,2002,94,6,5.8,7799,R,Comedy
Very Bad Things,1998,100,10,5.8,10001,R,Comedy
Win a Date with Tad Hamilton!,2004,95,24,5.8,2933,PG-13,RomCom
Armageddon,1998,153,140,5.7,45330,PG-13,Action
Around the World in 80 Days,2004,120,110,5.7,3887,PG,Action Comedy
Assassins,1995,132,50,5.7,7354,R,Action
At First Sight,1999,128,40,5.7,3441,PG-13,Drama
Barbershop 2: Back in Business,2004,106,18,5.7,1580,PG-13,Comedy
"Big Hit, The",1998,91,13,5.7,6206,R,Action Comedy
Blade: Trinity,2004,124,65,5.7,7439,R,Action
Blue Crush,2002,104,30,5.7,4791,PG-13,Romance Drama
Bridget Jones: The Edge of Reason,2004,108,70,5.7,6636,R,RomCom
Broken Arrow,1996,108,65,5.7,14415,R,Action
Cafe Society,1995,104,3.5,5.7,137,R,Drama
Can't Be Heaven,2000,94,2,5.7,104,PG,RomCom
"Chamber, The",1996,113,50,5.7,2540,R,Drama
Chasing Liberty,2004,111,23,5.7,1911,PG-13,RomCom
Daddy Day Care,2003,92,60,5.7,3803,PG,Comedy
Daredevil,2003,133,75,5.7,20642,R,Action
Dead Man's Curve,1998,90,1,5.7,1241,R,Comedy Drama
"Devil's Own, The",1997,111,80,5.7,8485,R,Action Drama
Duplex,2003,89,40,5.7,4334,PG-13,Comedy
"Falls, The",2003,85,0.075,5.7,29,R,Drama
"Fast and the Furious, The",2001,106,38,5.7,21428,PG-13,Action
Get Over It,2001,87,10,5.7,3561,PG-13,RomCom
Global Heresy,2002,106,12,5.7,373,R,Drama
Gods and Generals,2003,209,56,5.7,3002,PG-13,Action Drama
Gone in Sixty Seconds,2000,117,90,5.7,25400,PG-13,Action
Grey Owl,1999,118,30,5.7,629,PG-13,Drama
HipHopBattle.com: Hip Hop 4 Life,2001,98,0.012,5.7,15,PG-13,RomCom
Hollywood North,2003,89,7,5.7,114,R,Comedy
How the Grinch Stole Christmas,2000,104,123,5.7,12680,PG,Comedy Drama
Last Man Standing,1996,101,67,5.7,6751,R,Action Drama
Laws of Attraction,2004,90,28,5.7,2349,PG-13,RomCom
Light It Up,1999,99,13,5.7,856,R,Drama
Lucky 13,2004,95,1.2,5.7,151,R,RomCom
"Mirror Has Two Faces, The",1996,122,42,5.7,2775,PG-13,RomCom
Mission: Impossible II,2000,123,125,5.7,35958,PG-13,Action
Mr 3000,2004,104,30,5.7,1459,PG-13,Comedy Drama
Multiplicity,1996,117,45,5.7,5241,PG-13,Comedy
Nadja,1994,93,1,5.7,781,R,Drama
Never Again,2001,98,0.5,5.7,309,R,RomCom
"Newton Boys, The",1998,113,27,5.7,2003,PG-13,Action Drama
One Night Stand,1997,102,24,5.7,1709,R,Drama
"Saint, The",1997,116,70,5.7,12591,PG-13,Action
She's So Lovely,1997,100,18,5.7,2280,R,RomCom
"Singles Ward, The",2002,102,0.5,5.7,291,PG,RomCom
Someone Like You...,2001,97,23,5.7,4249,PG-13,RomCom
Suspect Zero,2004,99,27,5.7,1310,R,Drama
"Taxman, The",1999,104,1,5.7,169,R,Action Comedy
"Triumph of Love, The",2001,112,5,5.7,423,PG-13,RomCom
Up Close & Personal,1996,124,60,5.7,3201,PG-13,Romance Drama
What a Girl Wants,2003,105,20,5.7,3533,PG,RomCom
Wisegirls,2002,96,11,5.7,792,R,Drama
100 Mile Rule,2002,98,1.1,5.6,181,R,Comedy
"24 Hour Woman, The",1999,93,2.5,5.6,149,R,Comedy
All the Pretty Horses,2000,116,45,5.6,3133,PG-13,Drama
Angel Eyes,2001,102,38,5.6,4829,R,Romance Drama
Bait,2000,119,35,5.6,1884,R,Action Comedy
"Banger Sisters, The",2002,98,10,5.6,3189,R,Comedy Drama
Beloved,1998,172,53,5.6,1934,R,Drama
"Borrowers, The",1997,89,29,5.6,1457,PG,Comedy
"Brady Bunch Movie, The",1995,90,12,5.6,4636,PG-13,Comedy
Bringing Down the House,2003,105,35,5.6,6501,PG-13,Comedy
Casper,1995,100,55,5.6,8798,PG,Comedy
Dante's Peak,1997,104,104,5.6,9203,PG-13,Action Drama
Deuce Bigalow: Male Gigolo,1999,88,18,5.6,9897,R,Comedy
Devil's Pond,2003,92,5,5.6,370,R,Drama
Double Whammy,2001,100,4,5.6,886,R,Comedy Drama
Eye for an Eye,1996,101,20,5.6,1843,R,Drama
Faithful,1996,91,13,5.6,414,R,Comedy
Father of the Bride Part II,1995,106,30,5.6,4089,PG,Comedy
First Knight,1995,134,75,5.6,8708,PG-13,Romance Drama
Garage Days,2002,106,6,5.6,597,R,Comedy Drama
Gojira ni-sen mireniamu,1999,99,1,5.6,1150,PG,Action
"Grave, The",1996,90,4,5.6,303,R,Comedy
Jefferson in Paris,1995,139,14,5.6,665,PG-13,Drama
Johnny English,2003,87,35,5.6,8125,PG,Action Comedy
Jurassic Park III,2001,92,93,5.6,20690,PG-13,Action
Kiss the Sky,1999,107,6,5.6,263,R,Romance Drama
Liberty Stands Still,2002,92,11,5.6,1560,R,Drama
"Little Vampire, The",2000,91,22,5.6,601,PG,Comedy
Mayerling,1968,140,5,5.6,154,PG-13,Romance Drama
Men in Black II,2002,88,140,5.6,21580,PG-13,Action Comedy
Mercury Rising,1998,108,60,5.6,8202,R,Action Drama
Monster-in-Law,2005,102,60,5.6,147,PG-13,RomCom
"Muse, The",1999,97,15,5.6,3513,PG-13,Comedy
"Net, The",1995,114,22,5.6,12201,PG-13,Action Drama
No Looking Back,1998,96,5,5.6,622,R,RomCom
Paparazzi,2004,84,20,5.6,2028,PG-13,Drama
Picture Perfect,1997,105,19,5.6,3019,PG-13,RomCom
Planet of the Apes,2001,119,100,5.6,28601,PG-13,Action
Repli-Kate,2002,121,4,5.6,791,R,Comedy
Resident Evil: Apocalypse,2004,94,50,5.6,10486,R,Action
"Stand-In, The",1999,100,0.4,5.6,42,PG,Drama
"Story of Us, The",1999,95,50,5.6,4953,R,RomCom
Teacher's Pet,2004,74,10,5.6,218,PG,Animated
Terror Tract,2000,96,11,5.6,281,R,Comedy
Undisputed,2002,96,20,5.6,1769,R,Action Drama
Vampires,1998,106,20,5.6,7908,R,Action
Vertical Limit,2000,124,75,5.6,10273,PG-13,Action
What Planet Are You From?,2000,104,50,5.6,2574,R,Comedy
Wicked Spring,2002,102,0.5,5.6,158,PG-13,Drama
Agent Cody Banks,2003,102,26,5.5,2655,PG,Action Comedy
Alexander,2004,175,150,5.5,11254,R,Drama
American Outlaws,2001,94,35,5.5,2878,PG-13,Action Comedy
Be Cool,2005,118,53,5.5,4560,PG-13,Comedy
Big Fat Liar,2002,88,15,5.5,2453,PG,Comedy
Blind Horizon,2003,99,5.1,5.5,801,R,Drama
"Cable Guy, The",1996,96,47,5.5,16266,PG-13,Comedy Drama
Changing Habits,1997,95,1.2,5.5,134,R,Comedy Drama
Charly,2002,103,0.95,5.5,149,PG,RomCom
Curdled,1996,88,2.309723,5.5,959,R,Comedy
Deep Blue Sea,1999,105,78,5.5,17666,R,Action
Dickie Roberts: Former Child Star,2003,98,17,5.5,2076,PG-13,Comedy
Divine Secrets of the Ya-Ya Sisterhood,2002,116,27,5.5,4288,PG-13,Comedy Drama
Eight Legged Freaks,2002,99,30,5.5,6362,PG-13,Action Comedy
Escanaba in da Moonlight,2001,91,1,5.5,373,PG-13,Comedy
Forever Lulu,2000,99,20,5.5,257,R,RomCom
George of the Jungle,1997,92,55,5.5,6430,PG,Comedy
Hard Rain,1998,97,70,5.5,6161,R,Action Drama
"House on Turk Street, The",2002,103,12,5.5,1048,R,Drama
How to Deal,2003,102,16,5.5,1537,PG-13,RomCom
Joe Somebody,2001,98,38,5.5,1937,PG,RomCom
Just the Ticket,1999,115,12,5.5,610,R,RomCom
Kama Sutra: A Tale of Love,1996,114,3,5.5,1491,R,Romance Drama
"Lost World: Jurassic Park, The",1997,129,73,5.5,28055,PG-13,Action
Mary Reilly,1996,108,47,5.5,2806,R,Drama
"Million Dollar Hotel, The",2000,122,8,5.5,4746,R,Drama
Molly,1999,102,21,5.5,610,PG-13,RomCom
Money Talks,1997,97,25,5.5,2720,R,Action Comedy
Mr. Deeds,2002,96,50,5.5,11729,PG-13,RomCom
Original Sin,2001,116,26,5.5,4592,R,Romance Drama
Reindeer Games,2000,124,36,5.5,7120,R,Action Drama
Saturn,1999,94,0.35,5.5,43,R,Drama
Scary Movie,2000,88,19,5.5,23293,R,Comedy
Shakes the Clown,1992,87,1.4,5.5,838,R,Comedy
She's All That,1999,95,10,5.5,13070,PG-13,RomCom
Showtime,2002,96,85,5.5,7689,PG-13,Action Comedy
Sweet November,2001,115,40,5.5,5458,PG-13,RomCom
"Time Machine, The",2002,96,80,5.5,12424,PG-13,Action
"Waterboy, The",1998,90,23,5.5,15539,PG-13,Comedy
xXx,2002,132,85,5.5,18514,PG-13,Action
200 Cigarettes,1999,101,6,5.4,4514,R,Comedy Drama
3000 Miles to Graceland,2001,125,62,5.4,7298,R,Action Comedy
40 Days and 40 Nights,2002,96,17,5.4,8609,R,RomCom
54,1998,100,13,5.4,6905,R,Drama
All About the Benjamins,2002,95,14,5.4,1250,R,Action Comedy
AVP: Alien Vs. Predator,2004,102,45,5.4,14651,PG-13,Action
Bad Company,2002,116,70,5.4,6175,PG-13,Action Comedy
Batman Forever,1995,122,100,5.4,24025,PG-13,Action
Bean,1997,90,22,5.4,9018,PG-13,Comedy
Beyond Borders,2003,127,35,5.4,1905,R,Romance Drama
"Big Brass Ring, The",1999,104,7,5.4,271,R,Drama
Cats & Dogs,2001,87,60,5.4,6487,PG,Comedy
Commandments,1997,88,5,5.4,468,R,RomCom
"Core, The",2003,135,74,5.4,7860,PG-13,Action Drama
Coyote Ugly,2000,100,45,5.4,13221,R,RomCom
Daylight,1996,110,80,5.4,6979,PG-13,Action Drama
Dead Man on Campus,1998,96,14,5.4,2829,R,Comedy
Deep Rising,1998,97,45,5.4,4626,R,Action
Doctor Dolittle,1998,85,71.5,5.4,8287,PG-13,Comedy
Domestic Disturbance,2001,91,53,5.4,4445,PG-13,Drama
Drowning Mona,2000,95,16,5.4,3454,PG-13,Comedy
"End of Violence, The",1997,122,5,5.4,1575,R,Drama
Gun Shy,2000,101,10,5.4,1701,R,RomCom
Home on the Range,2004,76,110,5.4,1510,PG,Animated
Idle Hands,1999,92,20,5.4,5892,R,Comedy
Jeepers Creepers,2001,90,10,5.4,10973,R,Drama
Killing Me Softly,2002,104,25,5.4,1771,R,Drama
"League of Extraordinary Gentlemen, The",2003,110,78,5.4,15647,PG-13,Action
"Man Apart, A",2003,110,36,5.4,4231,R,Action Drama
Message in a Bottle,1999,126,30,5.4,5582,PG-13,Romance Drama
Mickey,2004,90,6,5.4,52,PG,Drama
New Jersey Drive,1995,98,5,5.4,348,R,Drama
Pearl Harbor,2001,184,135.25,5.4,33409,R,Action Drama
Practical Magic,1998,103,60,5.4,7786,PG-13,Romance Drama
Runaway Bride,1999,116,70,5.4,12624,PG,RomCom
Saving Silverman,2001,96,22,5.4,6684,R,RomCom
Skeletons in the Closet,2000,86,1.5,5.4,239,R,Drama
Sol Goode,2001,99,3,5.4,291,R,Comedy
Species,1995,108,35,5.4,8963,R,Action Drama
Stateside,2004,97,16,5.4,247,R,Drama
"Trigger Effect, The",1996,94,8,5.4,1591,R,Action Drama
Van Helsing,2004,132,160,5.4,19787,PG-13,Action
Waterworld,1995,176,175,5.4,19325,PG-13,Action Drama
Wind River,1998,97,5.5,5.4,97,PG-13,Drama
Without a Paddle,2004,95,19,5.4,3605,PG-13,Comedy
World Traveler,2001,103,2,5.4,350,R,Drama
Beautiful,2000,112,9,5.3,991,PG-13,Comedy Drama
"Blood, Guts, Bullets and Octane",1998,87,0.0073,5.3,285,R,Action Comedy
Cotton Mary,1999,124,3.5,5.3,164,R,Drama
Cradle 2 the Grave,2003,101,25,5.3,4164,R,Action
"Crew, The",2000,84,23,5.3,1297,PG-13,Comedy
"Crocodile Hunter: Collision Course, The",2002,90,13,5.3,1648,PG,Comedy
Deuces Wild,2002,100,10,5.3,1511,R,Action Drama
Double Tap,1997,87,8,5.3,184,R,Action
Drumline,2002,118,20,5.3,7368,PG-13,RomCom
End of Days,1999,121,83,5.3,18237,R,Action
Exit Wounds,2001,101,33,5.3,5370,R,Action
"Guy Thing, A",2003,101,20,5.3,2885,PG-13,RomCom
Hav Plenty,1997,84,0.65,5.3,256,R,Comedy
"Hollywood Sign, The",2001,90,12,5.3,196,R,Comedy
Hope Floats,1998,114,30,5.3,4382,PG-13,RomCom
I Spy,2002,97,70,5.3,5521,PG-13,Action Comedy
"Juror, The",1996,118,44,5.3,2920,R,Drama
Kimberly,1999,106,2,5.3,231,R,RomCom
"Last Time I Committed Suicide, The",1997,92,4,5.3,530,R,Drama
"Loss of Sexual Innocence, The",1999,106,4,5.3,977,R,Drama
Love Stinks,1999,94,4,5.3,1311,R,Comedy
Lover Girl,1997,87,1,5.3,102,R,Comedy Drama
Max Keeble's Big Move,2001,86,12,5.3,587,PG,Comedy
Original Gangstas,1996,99,4.8,5.3,216,R,Drama
Pavilion of Women,2001,111,5,5.3,209,R,Drama
Possums,1998,97,1.4,5.3,66,PG,Comedy Drama
"R.M., The",2003,101,0.5,5.3,213,PG,Comedy
Red Planet,2000,106,75,5.3,8623,PG-13,Action
Scary Movie 3,2003,84,45,5.3,9225,PG-13,Comedy
"Scorpion King, The",2002,92,60,5.3,10111,PG-13,Action
"Serpent's Kiss, The",1997,104,13,5.3,368,R,Drama
"Singing Detective, The",2003,109,10,5.3,1184,R,Comedy Drama
"Skulls, The",2000,106,15,5.3,6530,PG-13,Drama
Speedway Junky,1999,105,1,5.3,469,R,Drama
"Stepford Wives, The",2004,93,90,5.3,7773,PG-13,Comedy Drama
Sugar & Spice,2001,84,11,5.3,2901,PG-13,Comedy
Urban Ghost Story,1998,82,0.3,5.3,167,R,Drama
"Very Brady Sequel, A",1996,90,15,5.3,2183,PG-13,Comedy
Virtuosity,1995,106,30,5.3,4183,R,Action
Welcome to Mooseport,2004,117,26,5.3,2356,PG-13,Comedy
Woman on Top,2000,92,8,5.3,2094,R,RomCom
Black and White,1999,98,10,5.2,1699,R,Drama
Bride of Chucky,1998,89,25,5.2,4449,R,Comedy
Bride of the Wind,2001,99,12,5.2,201,R,Drama
Bulletproof Monk,2003,104,52,5.2,5405,PG-13,Action Comedy
"Climb, The",2002,98,2.5,5.2,83,PG,Action Drama
Club Dread,2004,119,9,5.2,3432,R,Comedy
Collateral Damage,2002,108,85,5.2,8590,R,Action
Committed,2000,98,3,5.2,739,R,Comedy Drama
Elvira's Haunted Hills,2001,90,1.5,5.2,307,PG-13,Comedy
Final,2001,111,0.08,5.2,330,R,Drama
Hardware,1990,93,1.5,5.2,1323,R,Action
Hide and Seek,2005,101,30,5.2,3784,R,Drama
Hollywood Homicide,2003,116,75,5.2,5312,PG-13,Action Comedy
I Dreamed of Africa,2000,114,34,5.2,1113,PG-13,Drama
Jack,1996,113,45,5.2,5256,PG-13,Comedy Drama
Jackpot,2001,97,0.4,5.2,213,R,Comedy Drama
Josie and the Pussycats,2001,98,22,5.2,4508,PG-13,Comedy
Lake Placid,1999,82,27,5.2,7836,R,Action Comedy
Lara Croft Tomb Raider: The Cradle of Life,2003,117,90,5.2,9103,PG-13,Action
Lara Croft: Tomb Raider,2001,100,80,5.2,21861,PG-13,Action
"Learning Curve, The",2001,113,1,5.2,177,R,Drama
"Love Letter, The",1999,88,15,5.2,1258,PG-13,Comedy Drama
Man of the House,2005,97,40,5.2,511,PG-13,Action Comedy
Metro,1997,117,55,5.2,3560,R,Action Comedy
"Mystic Masseur, The",2001,117,2.5,5.2,157,PG,Drama
"New Guy, The",2002,89,13,5.2,4266,PG-13,Comedy
Next Friday,2000,98,9.5,5.2,3457,R,Comedy
Not Another Teen Movie,2001,89,16,5.2,10295,R,Comedy
Out Cold,2001,92,11,5.2,1990,PG-13,Comedy
Soldier,1998,98,75,5.2,5590,R,Action
Space Jam,1996,87,80,5.2,7995,PG,Animated
Ted Bundy,2002,99,1.2,5.2,852,R,Drama
Volcano,1997,104,90,5.2,8627,PG-13,Action Drama
"Wedding Party, The",1969,92,0.043,5.2,94,R,Comedy
Whatever It Takes,2000,94,15,5.2,1771,PG-13,RomCom
2 Fast 2 Furious,2003,107,76,5.1,9556,PG-13,Action
Break Up,1998,100,9,5.1,393,R,Drama
Bubble Boy,2001,84,13,5.1,2904,PG-13,RomCom
Chain Reaction,1996,106,55,5.1,5936,PG-13,Action Drama
Country of My Skull,2004,104,12,5.1,194,R,Drama
Cutaway,2000,104,9,5.1,390,R,Action
Cutthroat Island,1995,119,92,5.1,3942,PG-13,Action
Delivered,1998,93,1,5.1,73,R,Comedy Drama
Dill Scallion,1999,91,0.5,5.1,136,PG-13,Comedy
Down to Earth,2001,87,30,5.1,3720,PG-13,RomCom
Dr. Dolittle 2,2001,87,72,5.1,4920,PG,Comedy
Drive Me Crazy,1999,91,8,5.1,2934,PG-13,RomCom
Heavy Metal 2000,2000,88,15,5.1,1148,R,Animated
Joe Dirt,2001,91,16,5.1,5514,PG-13,RomCom
Kung Pow: Enter the Fist,2002,82,10,5.1,5871,PG-13,Action Comedy
Loser,2000,92,20,5.1,5152,PG-13,RomCom
Money Train,1995,103,68,5.1,5081,R,Action Comedy
One Eyed King,2001,105,6.5,5.1,81,R,Drama
Play It to the Bone,1999,124,24,5.1,2645,R,Comedy Drama
Riders,2002,83,15,5.1,922,R,Action
Seed of Chucky,2004,87,12,5.1,1342,R,Comedy
Sgt. Bilko,1996,93,39,5.1,3712,PG,Comedy
Snow Dogs,2002,99,35,5.1,2379,PG,Comedy
Sorority Boys,2002,93,12,5.1,2398,R,Comedy
Tales from the Hood,1995,98,6,5.1,548,R,Action
Texas Rangers,2001,86,38,5.1,945,PG-13,Drama
Thir13en Ghosts,2001,87,20,5.1,8292,R,Comedy
"Tuxedo, The",2002,98,60,5.1,6070,PG-13,Action Comedy
Waiting to Exhale,1995,127,15,5.1,1611,R,Comedy Drama
All the Queen's Men,2001,105,25,5,353,PG-13,Action Comedy
"American Werewolf in Paris, An",1997,105,22,5,4302,R,RomCom
"Bachelor, The",1999,101,21,5,4183,PG-13,RomCom
Bogus,1996,110,32,5,1007,PG,Comedy Drama
Charlie,2004,94,5,5,141,R,Drama
Charlie's Angels: Full Throttle,2003,107,120,5,13990,PG-13,Action Comedy
Chill Factor,1999,101,34,5,2542,R,Action Comedy
Daddy and Them,2001,101,4,5,364,R,Comedy Drama
"Day Without a Mexican, A",2004,100,1.5,5,561,R,Comedy Drama
"Different Loyalty, A",2004,96,13,5,135,R,Romance Drama
Dominion,1995,95,1.3,5,85,R,Drama
Exorcist: The Beginning,2004,114,30,5,4130,R,Action
"First Love, Last Rites",1997,94,0.3,5,147,R,Romance Drama
Full Frontal,2002,101,2,5,3056,R,RomCom
Girl 6,1996,108,12,5,1453,R,Comedy Drama
Gravesend,1997,85,0.065,5,111,R,Drama
"Haunted Mansion, The",2003,87,90,5,3341,PG,Comedy
How Stella Got Her Groove Back,1998,124,20,5,1475,R,Romance Drama
Joe's Apartment,1996,80,13,5,2169,PG-13,Comedy
"Last Resort, The",1997,86,5,5,62,PG-13,Action
"Lizzie McGuire Movie, The",2003,94,17,5,2541,PG,Comedy
Lucky Numbers,2000,105,65,5,2396,R,Comedy
Mortal Kombat,1995,101,20,5,8779,PG-13,Action
"Out-of-Towners, The",1999,90,40,5,2919,PG-13,Comedy
"Phantom, The",1996,100,45,5,3329,PG,Action
Search and Destroy,1995,90,4,5,402,R,Comedy Drama
See Spot Run,2001,94,16,5,1193,PG,Comedy
"Simple Wish, A",1997,89,28,5,423,PG,Comedy
Teaching Mrs. Tingle,1999,96,13,5,5244,PG-13,Comedy
"Wedding Date, The",2005,90,15,5,953,PG-13,RomCom
What's the Worst That Could Happen?,2001,97,45,5,2531,PG-13,Comedy
Ace Ventura: When Nature Calls,1995,90,30,4.9,15161,PG-13,Comedy
Boys and Girls,2000,94,16,4.9,3483,PG-13,RomCom
Cherry Falls,2000,92,14,4.9,2165,R,Comedy
"Cinderella Story, A",2004,95,20,4.9,2755,PG,RomCom
"Crow: Salvation, The",2000,102,25,4.9,1383,R,Action Drama
Eddie,1996,100,30,4.9,1348,PG-13,Comedy
Elektra,2005,96,43,4.9,5120,PG-13,Action
Enough,2002,115,38,4.9,4339,PG-13,Drama
Friday After Next,2002,85,20,4.9,1659,R,Comedy
Gloria,1999,108,30,4.9,1144,R,Drama
Harvard Man,2001,99,5.5,4.9,1157,R,Romance Drama
Head Over Heels,2001,86,14,4.9,2632,PG-13,RomCom
Holy Man,1998,114,60,4.9,3497,PG,Comedy Drama
Home Fries,1998,91,15,4.9,2374,PG-13,RomCom
How High,2001,95,12,4.9,2916,R,Comedy
Like Mike,2002,99,30,4.9,1484,PG,Comedy
Little Nicky,2000,90,80,4.9,9485,PG-13,RomCom
Malibu's Most Wanted,2003,86,16,4.9,2099,PG-13,Comedy
"Pacifier, The",2005,95,56,4.9,2179,PG,Action Comedy
"Red Baron, The",1971,97,0.9,4.9,120,PG-13,Action Drama
"Shrink Is In, The",2001,87,6,4.9,319,R,RomCom
Soho Square,2000,79,0.007,4.9,45,R,Drama
Under Siege 2: Dark Territory,1995,99,60,4.9,5551,R,Action Drama
"Wedding Planner, The",2001,103,35,4.9,7393,PG-13,RomCom
'Til There Was You,1997,113,23,4.8,799,PG-13,RomCom
"Animal, The",2001,84,22,4.8,5605,R,Comedy
Ciao America,2002,100,5,4.8,27,R,RomCom
Company Man,2000,86,16,4.8,492,PG-13,Comedy
Double Take,2001,91,24,4.8,1503,PG-13,Action Comedy
Dr T and the Women,2000,122,12,4.8,4776,R,RomCom
Escape from L.A.,1996,101,50,4.8,7955,R,Action
Facade,2000,93,6,4.8,93,R,Action
Garfield,2004,80,50,4.8,4775,PG,Animated
Going Greek,2001,90,0.198,4.8,261,R,Comedy
Here on Earth,2000,93,15,4.8,2187,PG-13,Romance Drama
Hey Arnold! The Movie,2002,76,10,4.8,425,PG,Animated
In the Shadows,2001,105,10,4.8,268,R,Drama
Isn't She Great,2000,95,36,4.8,688,R,RomCom
Jade,1995,107,50,4.8,2380,R,Action Drama
On the Border,1998,103,3,4.8,165,R,Drama
Random Hearts,1999,133,64,4.8,5919,R,Romance Drama
Rugrats Go Wild!,2003,81,25,4.8,423,PG,Animated
Scooby-Doo,2002,86,84,4.8,9618,PG,Comedy
Screwed,2000,78,10,4.8,1592,PG-13,Comedy
Solitaire for 2,1995,106,1.5,4.8,122,R,RomCom
Spanish Judges,1999,98,3.5,4.8,178,R,Drama
Trois 3: The Escort,2004,95,1,4.8,38,R,Drama
Unstoppable,2004,96,15,4.8,579,R,Action Comedy
"Whole Ten Yards, The",2004,98,40,4.8,4133,PG-13,Comedy
Abandon,2002,99,25,4.7,2364,PG-13,Drama
Air Bud,1997,98,3,4.7,1276,PG,Comedy Drama
Autumn in New York,2000,103,40,4.7,3731,PG-13,Romance Drama
"Big Bounce, The",2004,88,50,4.7,2505,PG-13,Comedy
Big Momma's House,2000,98,30,4.7,7509,PG-13,Comedy
"Breed, The",2001,91,4,4.7,582,R,Action
Crocodile Dundee in Los Angeles,2001,92,25,4.7,2698,PG,Comedy Drama
D-Tox,2002,92,55,4.7,2742,R,Drama
Down to You,2000,91,9,4.7,3232,PG-13,RomCom
Fathers' Day,1997,98,85,4.7,2714,PG-13,Comedy
Free Money,1998,91,30,4.7,619,R,Comedy
Get Carter,2000,104,40,4.7,4927,R,Action Drama
Good Boy!,2003,88,18,4.7,683,PG,Comedy Drama
"Greenskeeper, The",2002,90,0.08,4.7,38,R,Comedy
Jingle All the Way,1996,88,60,4.7,6246,PG,Action Comedy
Little Black Book,2004,111,35,4.7,1894,PG-13,RomCom
Lost in Space,1998,130,80,4.7,15209,PG-13,Action
Monkeybone,2001,92,75,4.7,3112,PG-13,Animated
Monsoon Wife,2004,92,1,4.7,15,R,Drama
"Next Best Thing, The",2000,108,25,4.7,3131,PG-13,Comedy Drama
Out-of-Sync,1995,105,1.5,4.7,37,R,Drama
P.S. Your Cat Is Dead,2002,88,2,4.7,185,R,Comedy
Raising the Stakes,1999,88,0.1,4.7,24,R,Romance Drama
Silent Trigger,1996,90,15,4.7,432,R,Action Drama
Simply Irresistible,1999,94,6,4.7,3083,PG-13,RomCom
Slackers,2002,86,11,4.7,2755,R,Comedy
Slap Her... She's French,2002,92,10,4.7,811,PG-13,Comedy
Spy Kids 3-D: Game Over,2003,84,39,4.7,2597,PG,Action Comedy
Stealing Harvard,2002,82,25,4.7,2547,PG-13,Comedy Drama
"Sweetest Thing, The",2002,90,43,4.7,8284,R,RomCom
Tomcats,2001,95,11,4.7,3717,R,Comedy
"Velocity of Gary, The",1998,100,4,4.7,570,R,RomCom
"Wild Angels, The",1966,93,0.36,4.7,212,R,Action Drama
"Wild Thornberrys Movie, The",2002,85,35,4.7,4008,PG,Animated
Charlotte Sometimes,2002,85,0.08,4.6,555,R,Drama
Corky Romano,2001,86,11,4.6,2463,PG-13,Comedy
"Dude, Where's My Car?",2000,83,13,4.6,13330,PG-13,Comedy
"Eighteenth Angel, The",1998,95,25,4.6,557,R,Action
Frankenfish,2004,84,3,4.6,309,R,Action Comedy
Freeway II: Confessions of a Trickbaby,1999,90,2,4.6,666,R,Drama
Ghosts of Mars,2001,98,28,4.6,6368,R,Action
Held Up,1999,89,8,4.6,555,PG-13,Comedy
Hometown Legend,2002,108,2,4.6,186,PG,Drama
"Jimmy Show, The",2001,99,1,4.6,145,R,Comedy Drama
Judge Dredd,1995,96,90,4.6,9979,R,Action
Judgment,2001,105,11,4.6,106,PG-13,Drama
"Lot Like Love, A",2005,107,30,4.6,786,PG-13,RomCom
Maid in Manhattan,2002,105,55,4.6,12237,PG-13,RomCom
Men of War,1994,99,12,4.6,397,R,Action Drama
Mercy Streets,2000,106,0.6,4.6,149,PG-13,Action Drama
"Peacekeeper, The",1997,98,10,4.6,505,R,Action
"Point Men, The",2001,88,6.1,4.6,266,R,Action
Resurrection Man,1998,102,4,4.6,214,R,Drama
Say It Isn't So,2001,93,25,4.6,3144,R,RomCom
Serving Sara,2002,99,29,4.6,2990,PG-13,RomCom
Snow Day,2000,89,13,4.6,1645,PG,RomCom
Spawn,1997,98,40,4.6,7523,PG-13,Action
Starkweather,2004,92,1,4.6,89,R,Drama
Steal Big Steal Little,1995,135,35,4.6,263,PG-13,Comedy
Tank Girl,1995,104,25,4.6,4400,R,Action Comedy
Tart,2001,94,3.3,4.6,714,R,Drama
Belly,1998,96,10,4.5,1034,R,Drama
Blues Brothers 2000,1998,123,28,4.5,5267,PG-13,Comedy
Boat Trip,2002,97,20,4.5,2991,R,Comedy
Carpool,1996,89,17,4.5,829,PG,Comedy
Catch That Kid,2004,91,18,4.5,598,PG,Action Comedy
Christmas with the Kranks,2004,98,60,4.5,1520,PG,Comedy
Coronado,2003,88,4.7,4.5,411,PG-13,Action Comedy
Fire Over Afghanistan,2003,92,0.155,4.5,67,R,Action Drama
Jack Frost,1998,101,50,4.5,2130,PG,Comedy Drama
Legionnaire,1998,98,35,4.5,1773,R,Action
"Medallion, The",2003,88,41,4.5,2765,PG-13,Action Comedy
My Favorite Martian,1999,93,60,4.5,1942,PG,Comedy
Nutty Professor II: The Klumps,2000,109,84,4.5,5825,PG-13,Comedy
"Packing Suburbia, A",1999,90,0.04,4.5,38,R,Drama
Revelation,1999,98,5,4.5,203,PG-13,Action Drama
Shadow Conspiracy,1997,103,45,4.5,1078,R,Action
"Smile Like Yours, A",1997,98,18,4.5,348,R,RomCom
Space Truckers,1996,95,25,4.5,1460,PG-13,Comedy
Spy Hard,1996,81,18,4.5,4686,PG-13,Action Comedy
Summer Catch,2001,105,17,4.5,2581,PG-13,RomCom
Superstar,1999,81,14,4.5,2880,PG-13,Comedy
Swimfan,2002,85,8.5,4.5,3863,PG-13,Drama
Time Changer,2002,95,0.825,4.5,304,PG,Drama
"Touch, The",2002,103,20,4.5,417,PG-13,Action
Town & Country,2001,104,90,4.5,1434,R,Comedy
Bad Moon,1996,80,7,4.4,519,R,Action
Confessions of a Teenage Drama Queen,2004,89,15,4.4,2205,PG,Comedy
Congo,1995,109,50,4.4,8058,PG-13,Action
Driven,2001,116,72,4.4,7129,PG-13,Action Drama
Firestorm,1998,89,19,4.4,987,R,Action
Hanging Up,2000,94,40,4.4,3129,PG-13,Comedy Drama
Hidden Assassin,1995,89,11,4.4,245,R,Action Drama
Highlander: Endgame,2000,101,15,4.4,3773,R,Action
"Legally Blonde 2: Red, White & Blonde",2003,95,45,4.4,6293,PG-13,Comedy
"Musketeer, The",2001,104,40,4.4,3966,PG-13,Action Drama
No Code of Conduct,1998,95,12,4.4,314,R,Action Drama
Pep Squad,1998,94,0.5,4.4,120,R,Comedy
"Scarlet Letter, The",1995,135,50,4.4,2426,R,Romance Drama
"Thin Line Between Love and Hate, A",1996,108,8,4.4,458,R,RomCom
Thunderbirds,2004,95,57,4.4,1419,PG,Action Comedy
Vampire in Brooklyn,1995,100,14,4.4,2716,R,RomCom
Whipped,2000,82,3,4.4,1562,R,RomCom
"Adventures of Rocky & Bullwinkle, The",2000,88,76,4.3,4815,PG,Animated
Dead Babies,2000,100,1,4.3,172,R,Comedy
"Dead Hate the Living!, The",2000,90,0.15,4.3,496,R,Comedy
Envy,2004,99,40,4.3,3417,PG-13,Comedy
Freddy's Dead: The Final Nightmare,1991,93,5,4.3,3618,R,Comedy
Raise Your Voice,2004,103,15,4.3,1626,PG,Romance Drama
Rock 'n' Roll Frankenstein,1999,88,0.25,4.3,66,R,Comedy
Sons of Provo,2004,93,0.2,4.3,35,PG,Comedy
Yo puta,2004,76,6,4.3,151,R,Drama
Belly of the Beast,2003,91,18,4.2,638,R,Action
Big Bully,1996,90,15,4.2,781,PG,Comedy Drama
Breakfast of Champions,1999,110,12,4.2,2250,R,Comedy
Brooklyn Bound,2004,90,0.07,4.2,30,R,Drama
Claustrophobia,2003,79,0.114,4.2,90,R,Comedy
Decoys,2004,95,5,4.2,580,R,Comedy
Dr. Jekyll and Ms. Hyde,1995,90,8,4.2,573,PG-13,Comedy
"Era of Vampire, The",2002,90,1,4.2,329,R,Action
Fortress 2,1999,92,11,4.2,1027,R,Action
"Granny, The",1995,85,1,4.2,142,R,Comedy
Hairshirt,1998,89,0.065,4.2,242,R,RomCom
Hidden Agenda,2001,98,5,4.2,266,R,Action
Ice Cream Man,1995,84,2,4.2,349,R,Comedy
Kicked in the Head,1997,87,4,4.2,271,R,Comedy Drama
Perfect Target,1997,89,3.5,4.2,55,R,Action
Scary Movie 2,2001,83,45,4.2,12035,R,Comedy
Absolon,2003,96,8,4.1,548,R,Action
Black Knight,2001,95,50,4.1,3822,PG-13,Comedy
Boogeyman,2005,89,20,4.1,2055,PG-13,Drama
Civil Brand,2002,95,0.5,4.1,102,R,Drama
"Demolitionist, The",1995,100,1,4.1,238,R,Action
Detention,2003,98,10,4.1,223,R,Action Drama
Full Clip,2004,95,0.5,4.1,72,R,Action
My Boss's Daughter,2003,90,14,4.1,2765,R,RomCom
On the Line,2001,85,10,4.1,1013,PG,RomCom
Pootie Tang,2001,70,3,4.1,1921,PG-13,Action Comedy
Savage,1995,99,5,4.1,93,R,Action
Sleepover,2004,89,10,4.1,733,PG,Comedy
Breathing Room,1996,90,0.5,4,39,R,RomCom
Chopin. Pragnienie milosci,2002,134,3.5,4,55,R,Romance Drama
Dungeons & Dragons,2000,107,35,4,7435,PG-13,Action
Extreme Ops,2002,94,40,4,1337,PG-13,Action
Good Burger,1997,103,9,4,1714,PG,Comedy
"In Crowd, The",2000,104,15,4,1342,PG-13,Drama
Inspector Gadget,1999,78,75,4,5288,PG,Action Comedy
Into the Sun,2005,97,16,4,481,R,Action
"Lengua asesina, La",1996,98,4,4,244,R,Comedy
Route 666,2001,86,2.3,4,487,R,Action
Soul Assassin,2001,96,7,4,376,R,Action
Wild Wild West,1999,107,170,4,19078,PG-13,Action Comedy
"Adventures of Pluto Nash, The",2002,95,100,3.9,2543,PG-13,Action Comedy
Diary of a Mad Black Woman,2005,116,5.5,3.9,837,PG-13,Comedy Drama
Fair Game,1995,91,50,3.9,2579,R,Action Comedy
Half Past Dead,2002,98,30,3.9,2099,PG-13,Action
Honey,2003,94,17,3.9,3067,PG-13,Romance Drama
Juwanna Mann,2002,91,15.6,3.9,885,PG-13,Comedy
Kangaroo Jack,2003,89,60,3.9,3661,PG,Comedy
My Life's in Turnaround,1993,84,0.022,3.9,196,R,Comedy
Sweepers,1999,93,12.5,3.9,276,R,Action
xXx: State of the Union,2005,101,87,3.9,1584,PG-13,Action
Agent Cody Banks 2: Destination London,2004,100,26,3.8,919,PG,Action Comedy
Claudine's Return,1998,91,2,3.8,80,R,Romance Drama
"Crow: City of Angels, The",1996,84,13,3.8,3656,R,Action
Evil Alien Conquerors,2002,89,0.5,3.8,111,PG-13,Comedy
"Fantasma dell'opera, Il",1998,106,10,3.8,910,R,Romance Drama
Gone Fishin',1997,94,53,3.8,1884,PG,Comedy
Knock Off,1998,91,35,3.8,1947,R,Action
Man-Thing,2005,96,30,3.8,163,R,Action
"Pest, The",1997,84,17,3.8,1405,PG-13,Comedy
Skin Deep,2003,89,0.4,3.8,31,R,Action Comedy
Striptease,1996,117,50,3.8,7998,R,Comedy Drama
Swept Away,2002,89,10,3.8,2113,R,RomCom
"Untold, The",2002,92,3,3.8,400,R,Action
"Wild Ride, The",1960,88,0.03,3.8,56,PG-13,Drama
Beowulf,1999,99,20,3.7,2058,R,Action
Bridge of Dragons,1999,95,4,3.7,373,R,Action
"Flintstones in Viva Rock Vegas, The",2000,90,58,3.7,1712,PG,Comedy
Highlander III: The Sorcerer,1994,102,26,3.7,3388,PG-13,Action
McHale's Navy,1997,108,42,3.7,1758,PG,Comedy
Out of Reach,2004,88,20,3.7,399,R,Action Drama
Wing Commander,1999,96,30,3.7,4854,PG-13,Action
Batman & Robin,1997,125,110,3.6,28457,PG-13,Action
Dudley Do-Right,1999,77,22,3.6,1790,PG,Comedy
Johnson Family Vacation,2004,97,12,3.6,955,PG-13,Comedy
Tarzan and the Lost City,1998,83,20,3.6,510,PG,Action
Warriors of Virtue,1997,101,35,3.6,389,PG,Action
Are We There Yet?,2005,95,32,3.5,1043,PG,Comedy
Diplomatic Siege,1999,96,45,3.5,340,R,Action
Down Time,2001,90,0.02,3.5,55,R,Drama
Dusting Cliff 7,1996,95,1.3,3.5,80,R,Action Drama
Freddy Got Fingered,2001,87,15,3.5,9115,R,Comedy
Rancid Aluminium,2000,88,12,3.5,352,R,Drama
Woo,1998,84,13,3.5,407,R,RomCom
"Avengers, The",1998,89,60,3.4,11499,PG-13,Action
Ballistic: Ecks vs. Sever,2002,91,70,3.4,4556,R,Action
Catwoman,2004,104,85,3.4,8815,PG-13,Action
Derailed,2002,89,18,3.4,1075,R,Action
Digimon: The Movie,2000,82,5,3.4,455,PG,Animated
Highlander II: The Quickening,1991,92,30,3.4,9264,R,Action
Legion of the Dead,2001,92,2.7,3.4,374,R,Comedy
Meet the Deedles,1998,93,24,3.4,443,PG,Comedy
Dumb and Dumberer: When Harry Met Lloyd,2003,85,19,3.3,4689,PG-13,Comedy
Fascination,2004,95,5,3.3,124,R,Romance Drama
Speed 2: Cruise Control,1997,121,110,3.3,13268,PG-13,Action
"Alan Smithee Film: Burn Hollywood Burn, An",1997,86,10,3.2,1262,R,Comedy
"Cat in the Hat, The",2003,82,109,3.2,4997,PG,Comedy
I Got the Hook Up,1998,93,3.5,3.2,412,R,Comedy
"Minion, The",1998,95,12,3.2,338,R,Action
Soul Plane,2004,92,16,3.2,2361,R,Comedy
Torque,2004,81,40,3.2,4050,PG-13,Action
Crossroads,2002,93,12,3.1,8546,PG-13,RomCom
"Foreigner, The",2003,96,20,3.1,904,R,Action
"Hillz, The",2004,91,0.1,3.1,80,R,Comedy Drama
Air Marshal,2003,90,0.5,3,81,R,Action
Day of Defense,2003,102,0.5,3,8,PG,Drama
Mortal Kombat: Annihilation,1997,91,30,3,5799,PG-13,Action
Out for a Kill,2003,88,20,3,818,R,Action
Spice World,1997,93,25,3,7710,PG,Comedy
Bug Buster,1998,93,8.5,2.9,268,PG-13,Action Comedy
"Last Patrol, The",2000,95,8.2,2.9,236,PG-13,Action Drama
"Master of Disguise, The",2002,80,16,2.9,3903,PG,Comedy
Frostbite,2005,83,2.4,2.8,201,R,Comedy
Killers,1997,86,0.1,2.8,127,R,Action
Marci X,2003,80,20,2.8,741,R,Comedy
November,2004,73,0.3,2.8,164,R,Drama
Rollerball,2002,97,70,2.8,5328,R,Action
Luminarias,2000,100,1,2.7,381,R,RomCom
One Hell of a Christmas,2002,94,0.4,2.7,70,R,Comedy
"Room, The",2003,99,6,2.7,81,R,RomCom
Chairman of the Board,1998,95,10,2.6,666,PG-13,Comedy
Steel,1997,97,16,2.6,1607,PG-13,Action
2001: A Space Travesty,2000,99,26,2.5,2023,R,Comedy
Baby Geniuses,1999,97,13,2.4,3142,PG,Comedy
Battlefield Earth: A Saga of the Year 3000,2000,119,73,2.4,14970,PG-13,Action
Rachel's Attic,2002,112,0.083,2.4,58,R,Action Drama
"Vault, The",2005,87,0.1,2.4,64,PG-13,Action
Gigli,2003,121,54,2.3,11285,R,RomCom
"Helix... Loaded, The",2005,97,1,2.3,33,R,Action Comedy
House of the Dead,2003,90,7,2.3,3921,R,Action
Theodore Rex,1995,92,33,2.2,567,PG,Comedy
Alone in the Dark,2005,96,20,2.1,2880,R,Action
Glitter,2001,104,22,2.1,5209,PG-13,Romance Drama
Son of the Mask,2005,94,74,1.9,1785,PG,Action Comedy
You Got Served,2004,95,8,1.9,6041,PG-13,Drama
From Justin to Kelly,2003,90,12,1.7,6517,PG,RomCom
