title,year,length,budget,rating,votes,mpaa,Action,Animation,Comedy,Drama,Documentary,Romance,Short
'Til There Was You,1997,113,23,4.8,799,PG-13,0,0,1,0,0,1,0
10 Things I Hate About You,1999,97,16,6.7,19095,PG-13,0,0,1,0,0,1,0
100 Mile Rule,2002,98,1.1,5.6,181,R,0,0,1,0,0,0,0
13 Going On 30,2004,98,37,6.4,7859,PG-13,0,0,1,1,0,1,0
"13th Warrior, The",1999,102,85,6.1,14344,R,1,0,0,0,0,0,0
15 Minutes,2001,120,42,6.1,10866,R,0,0,0,1,0,0,0
1776,1972,180,4,7.3,1754,PG,0,0,0,1,0,0,0
2 Fast 2 Furious,2003,107,76,5.1,9556,PG-13,1,0,0,0,0,0,0
20 Dates,1998,87,0.06,5.4,841,R,0,0,1,0,1,1,0
200 Cigarettes,1999,101,6,5.4,4514,R,0,0,1,1,0,0,0
2001: A Space Travesty,2000,99,26,2.5,2023,R,0,0,1,0,0,0,0
2046,2004,129,12,7.6,2663,R,0,0,0,1,0,1,0
21 Grams,2003,124,20,8,21857,R,0,0,0,1,0,0,0
"24 Hour Woman, The",1999,93,2.5,5.6,149,R,0,0,1,0,0,0,0
25th Hour,2002,135,15,7.8,15788,R,0,0,0,1,0,0,0
28 Days,2000,103,43,6,7465,PG-13,0,0,0,1,0,0,0
28 Days Later...,2002,113,8,7.3,24174,R,0,0,0,0,0,0,0
3000 Miles to Graceland,2001,125,62,5.4,7298,R,1,0,1,0,0,0,0
40 Days and 40 Nights,2002,96,17,5.4,8609,R,0,0,1,1,0,1,0
50 First Dates,2004,99,75,6.8,13497,PG-13,0,0,1,0,0,1,0
"51st State, The",2001,92,28,6.1,6752,R,1,0,1,0,0,0,0
54,1998,100,13,5.4,6905,R,0,0,0,1,0,0,0
"6th Day, The",2000,123,82,5.9,12064,PG-13,1,0,0,0,0,0,0
8 Mile,2002,110,41,6.8,17900,R,0,0,0,1,0,0,0
8MM,1999,123,40,5.9,18541,R,0,0,0,0,0,0,0
AVP: Alien Vs. Predator,2004,102,45,5.4,14651,PG-13,1,0,0,0,0,0,0
Abandon,2002,99,25,4.7,2364,PG-13,0,0,0,1,0,0,0
About Schmidt,2002,125,30,7.3,23279,R,0,0,1,1,0,0,0
About a Boy,2002,101,27,7.5,18318,PG-13,0,0,1,1,0,0,0
Absolon,2003,96,8,4.1,548,R,1,0,0,0,0,0,0
Absolute Power,1997,121,50,6.4,7995,R,0,0,0,1,0,0,0
"Abyss, The",1989,171,69.5,7.4,21987,PG-13,1,0,0,1,0,0,0
Ace Ventura: Pet Detective,1994,86,12,6.2,20705,PG-13,0,0,1,0,0,0,0
Ace Ventura: When Nature Calls,1995,90,30,4.9,15161,PG-13,0,0,1,0,0,0,0
Adaptation.,2002,114,19,7.9,25140,R,0,0,1,1,0,0,0
"Adventures of Pluto Nash, The",2002,95,100,3.9,2543,PG-13,1,0,1,0,0,0,0
"Adventures of Robin Hood, The",1938,102,1.9,8.2,7359,PG,1,0,0,0,0,1,0
"Adventures of Rocky & Bullwinkle, The",2000,88,76,4.3,4815,PG,0,1,1,0,0,0,0
Affliction,1997,114,6,6.9,3679,R,0,0,0,1,0,0,0
After Image,2001,92,1.2,3.9,60,R,0,0,0,0,0,0,0
After the Sunset,2004,97,58,6,3431,PG-13,1,0,1,0,0,0,0
Agent Cody Banks,2003,102,26,5.5,2655,PG,1,0,1,0,0,0,0
Agent Cody Banks 2: Destination London,2004,100,26,3.8,919,PG,1,0,1,0,0,0,0
Air Bud,1997,98,3,4.7,1276,PG,0,0,1,1,0,0,0
Air Force One,1997,124,85,6.3,26156,R,1,0,0,1,0,0,0
Air Marshal,2003,90,0.5,3,81,R,1,0,0,0,0,0,0
"Alamo, The",2004,137,95,5.9,3060,PG-13,1,0,0,1,0,0,0
"Alan Smithee Film: Burn Hollywood Burn, An",1997,86,10,3.2,1262,R,0,0,1,0,0,0,0
Albino Alligator,1996,97,5,6,2077,R,0,0,0,1,0,0,0
Alexander,2004,175,150,5.5,11254,R,0,0,0,1,0,0,0
Alferd Packer: The Musical,1996,97,0.125,7,2298,R,0,0,1,0,0,1,0
Alfie,2004,103,60,6,3492,R,0,0,1,1,0,0,0
Ali,2001,165,107,6.4,9294,R,0,0,0,1,0,0,0
Alien,1979,116,11,8.3,63400,R,0,0,0,0,0,0,0
Alien Abduction,2005,90,0.6,1.9,73,R,0,0,0,0,0,0,0
Alien Escape,1997,85,1,5.6,23,R,0,0,0,0,0,0,0
Alien: Resurrection,1997,116,70,6,24358,R,1,0,0,0,0,0,0
Aliens,1986,154,18.5,8.3,63961,R,1,0,0,0,0,0,0
All About the Benjamins,2002,95,14,5.4,1250,R,1,0,1,0,0,0,0
All the Pretty Horses,2000,116,45,5.6,3133,PG-13,0,0,0,1,0,0,0
All the Queen's Men,2001,105,25,5,353,PG-13,1,0,1,1,0,0,0
All the Real Girls,2003,108,1,6.8,1745,R,0,0,0,1,0,1,0
Almost Famous,2000,162,60,8,38648,R,0,0,1,1,0,0,0
Alone in the Dark,2005,96,20,2.1,2880,R,1,0,0,0,0,0,0
Along Came Polly,2004,90,42,5.8,9785,PG-13,0,0,1,0,0,1,0
Along Came a Spider,2001,104,28,6.1,9456,R,0,0,0,1,0,0,0
Amadeus,1984,180,18,8.3,36955,R,0,0,0,1,0,0,0
America's Sweethearts,2001,102,48,5.8,11849,PG-13,0,0,1,0,0,1,0
American Beauty,1999,121,15,8.5,109991,R,0,0,0,1,0,0,0
American History X,1998,119,10,8.4,59677,R,0,0,0,1,0,0,0
American Outlaws,2001,94,35,5.5,2878,PG-13,1,0,1,0,0,0,0
American Pie,1999,95,11,6.8,41126,R,0,0,1,0,0,0,0
American Pie 2,2001,105,30,6.3,22752,R,0,0,1,0,0,0,0
"American President, The",1995,114,62,6.9,11834,PG-13,0,0,1,1,0,1,0
American Psycho,2000,102,8,6.8,21639,R,0,0,0,1,0,0,0
American Wedding,2003,103,55,6.3,13590,R,0,0,1,0,0,0,0
"American Werewolf in Paris, An",1997,105,22,5,4302,R,0,0,1,0,0,1,0
Amistad,1997,152,40,7,10543,R,0,0,0,1,0,0,0
"Amityville Horror, The",2005,90,18,5.8,2945,R,0,0,0,0,0,0,0
Amores perros,2000,153,2,8.2,15079,R,0,0,0,1,0,0,0
Anacondas: The Hunt for the Blood Orchid,2004,97,25,4.2,2258,PG-13,0,0,0,0,0,0,0
Analyze This,1999,109,30,6.6,24521,R,0,0,1,0,0,0,0
Anchorman: The Legend of Ron Burgundy,2004,104,26,6.5,11553,PG-13,0,0,1,0,0,0,0
Angel Eyes,2001,102,38,5.6,4829,R,0,0,0,1,0,1,0
Anger Management,2003,106,75,6,14280,PG-13,0,0,1,0,0,0,0
"Animal, The",2001,84,22,4.8,5605,R,0,0,1,0,0,0,0
"Animatrix: Final Flight of the Osiris, The",2003,11,5,7.6,1536,PG-13,1,1,0,0,0,0,1
Anna and the King,1999,148,75,6.6,6739,PG-13,0,0,0,1,0,1,0
Antitrust,2001,108,30,6,7326,PG-13,0,0,0,1,0,0,0
Antwone Fisher,2002,117,12.5,7.4,4472,PG-13,0,0,0,1,0,0,0
Antz,1998,83,60,7,16312,PG,0,1,1,0,0,0,0
Any Given Sunday,1999,156,62,6.4,19531,R,0,0,0,1,0,0,0
Anything Else,2003,108,18,6.5,3678,R,0,0,1,0,0,1,0
Anywhere But Here,1999,114,23,5.9,4007,PG-13,0,0,0,1,0,0,0
Apocalypse Now,1979,202,31.5,8.5,64785,R,1,0,0,1,0,0,0
Apollo 13,1995,140,62,7.5,41098,PG,0,0,0,1,0,0,0
"Apostle, The",1997,134,5,7.2,4231,PG-13,0,0,0,1,0,0,0
Apt Pupil,1998,112,14,6.4,6728,R,0,0,0,1,0,0,0
Are We There Yet?,2005,95,32,3.5,1043,PG,0,0,1,0,0,0,0
Arlington Road,1999,117,21.5,7.1,17189,R,0,0,0,1,0,0,0
Armageddon,1998,153,140,5.7,45330,PG-13,1,0,0,0,0,0,0
Army of Darkness,1993,96,11,7.4,22118,R,1,0,1,0,0,0,0
Around the Fire,1999,106,1.2,5.3,254,R,0,0,0,0,0,0,0
Around the World in 80 Days,2004,120,110,5.7,3887,PG,1,0,1,0,0,1,0
Artificial Intelligence: AI,2001,146,90,6.8,36623,PG-13,0,0,0,1,0,0,0
As Good as It Gets,1997,139,50,7.7,47441,PG-13,0,0,1,1,0,1,0
Assassins,1995,132,50,5.7,7354,R,1,0,0,0,0,0,0
Assault on Precinct 13,2005,109,20,6.3,2960,R,1,0,0,1,0,0,0
"Astronaut's Wife, The",1999,109,34,4.8,7253,R,0,0,0,0,0,0,0
At First Sight,1999,128,40,5.7,3441,PG-13,0,0,0,1,0,0,0
Atlantis: The Lost Empire,2001,95,90,6.4,6323,PG,1,1,0,0,0,0,0
"Attic Expeditions, The",2001,100,1,5.4,384,R,0,0,0,0,0,0,0
Austin Powers in Goldmember,2002,94,63,6.2,22870,PG-13,1,0,1,0,0,0,0
Austin Powers: International Man of Mystery,1997,94,17,7,33755,PG-13,1,0,1,0,0,0,0
Austin Powers: The Spy Who Shagged Me,1999,95,33,6.5,37019,PG-13,1,0,1,0,0,0,0
Auto Focus,2002,105,7,6.7,3276,R,0,0,0,1,0,0,0
Autumn in New York,2000,103,40,4.7,3731,PG-13,0,0,0,1,0,1,0
Avalon,2001,106,8,6.8,2723,R,0,1,0,1,0,0,0
"Avengers, The",1998,89,60,3.4,11499,PG-13,1,0,0,0,0,0,0
"Aviator, The",2004,170,116,7.5,16217,PG-13,0,0,0,1,0,0,0
"Awfully Big Adventure, An",1995,112,4,5.8,608,R,0,0,0,1,0,0,0
Baby Boy,2001,130,16,6.2,1476,R,0,0,0,1,0,1,0
Baby Geniuses,1999,97,13,2.4,3142,PG,0,0,1,0,0,0,0
"Bachelor, The",1999,101,21,5,4183,PG-13,0,0,1,0,0,1,0
Bad Boys,1995,118,23,6.4,15326,R,1,0,1,0,0,0,0
Bad Boys II,2003,145,130,6.1,13087,R,1,0,1,0,0,0,0
Bad Company,2002,116,70,5.4,6175,PG-13,1,0,1,0,0,0,0
Bad Moon,1996,80,7,4.4,519,R,1,0,0,0,0,0,0
Bad Santa,2003,98,18,7.2,11189,R,0,0,1,0,0,0,0
"Badge, The",2002,103,6,6.3,740,R,1,0,0,1,0,0,0
Bait,2000,119,35,5.6,1884,R,1,0,1,0,0,0,0
"Ballad of Jack and Rose, The",2005,112,1.5,6.2,269,R,0,0,0,1,0,0,0
Ballistic: Ecks vs. Sever,2002,91,70,3.4,4556,R,1,0,0,0,0,0,0
Bamboozled,2000,135,10,6.3,2356,R,0,0,1,1,0,0,0
Bananas,1971,82,2,7.1,4252,PG-13,0,0,1,0,0,0,0
Bandits,2001,123,80,6.7,12382,PG-13,0,0,1,1,0,1,0
"Banger Sisters, The",2002,98,10,5.6,3189,R,0,0,1,1,0,0,0
Baptists at Our Barbecue,2004,92,0.5,5.9,62,PG,0,0,1,0,0,1,0
Barbershop,2002,102,12,6.6,4943,PG-13,0,0,1,1,0,0,0
Barbershop 2: Back in Business,2004,106,18,5.7,1580,PG-13,0,0,1,0,0,0,0
Basic,2003,98,50,6.2,8370,R,0,0,0,1,0,0,0
Basic Instinct,1992,128,49,6.7,19520,R,0,0,0,0,0,0,0
Basil,1998,113,10,6.1,367,R,0,0,0,1,0,1,0
"Basket, The",1999,105,3,6.3,200,PG,0,0,0,1,0,0,0
Batman & Robin,1997,125,110,3.6,28457,PG-13,1,0,0,0,0,0,0
Batman Forever,1995,122,100,5.4,24025,PG-13,1,0,0,0,0,1,0
"Battle of Shaker Heights, The",2003,90,1,6,854,PG-13,0,0,1,1,0,1,0
Battlefield Earth: A Saga of the Year 3000,2000,119,73,2.4,14970,PG-13,1,0,0,0,0,0,0
Be Cool,2005,118,53,5.5,4560,PG-13,0,0,1,0,0,0,0
"Beach, The",2000,119,50,5.8,15020,R,0,0,0,1,0,0,0
Bean,1997,90,22,5.4,9018,PG-13,0,0,1,0,0,0,0
Beautiful,2000,112,9,5.3,991,PG-13,0,0,1,1,0,0,0
"Beautiful Country, The",2004,137,6,6.9,115,R,0,0,0,1,0,0,0
"Beautiful Mind, A",2001,135,60,7.8,43291,PG-13,0,0,0,1,0,0,0
Beavis and Butt-Head Do America,1996,81,12,6.2,9491,PG-13,0,1,1,0,0,0,0
Because of Winn-Dixie,2005,106,14,5.9,483,PG,0,0,1,1,0,0,0
Bedazzled,2000,93,48,5.9,11439,PG-13,0,0,1,0,0,0,0
Before Sunset,2004,80,10,8.3,8789,R,0,0,0,1,0,1,0
Behind Enemy Lines,2001,106,40,6.1,10856,PG-13,1,0,0,1,0,0,0
Being Julia,2004,104,18,7.2,1671,R,0,0,1,1,0,0,0
Belly,1998,96,10,4.5,1034,R,0,0,0,1,0,0,0
Belly of the Beast,2003,91,18,4.2,638,R,1,0,0,0,0,0,0
Beloved,1998,172,53,5.6,1934,R,0,0,0,1,0,0,0
Beowulf,1999,99,20,3.7,2058,R,1,0,0,0,0,0,0
Best Laid Plans,1999,92,7,6.3,1795,R,0,0,0,1,0,0,0
Best in Show,2000,90,6,7.5,11790,PG-13,0,0,1,0,0,0,0
Better Luck Tomorrow,2002,98,0.25,7.3,2697,R,0,0,0,1,0,0,0
Beyond Borders,2003,127,35,5.4,1905,R,0,0,0,1,0,1,0
Beyond Rangoon,1995,100,23,6.4,1285,R,0,0,0,1,0,0,0
Beyond Re-Animator,2003,96,3,6.1,908,R,0,0,1,0,0,0,0
Beyond the Mat,1999,108,0.5,7.3,2243,R,0,0,0,0,1,0,0
Beyond the Sea,2004,118,24,6.7,1051,PG-13,0,0,0,1,0,0,0
Bicentennial Man,1999,132,100,6.2,8925,PG,0,0,0,1,0,1,0
"Big Bounce, The",2004,88,50,4.7,2505,PG-13,0,0,1,0,0,0,0
"Big Brass Ring, The",1999,104,7,5.4,271,R,0,0,0,1,0,0,0
Big Bully,1996,90,15,4.2,781,PG,0,0,1,1,0,0,0
Big Daddy,1999,93,34.2,5.9,18258,PG-13,0,0,1,0,0,0,0
Big Fat Liar,2002,88,15,5.5,2453,PG,0,0,1,0,0,0,0
Big Fish,2003,125,70,8.1,31525,PG-13,0,0,1,1,0,0,0
"Big Hit, The",1998,91,13,5.7,6206,R,1,0,1,0,0,0,0
"Big Lebowski, The",1998,117,15,8,50179,R,0,0,1,0,0,0,0
Big Momma's House,2000,98,30,4.7,7509,PG-13,0,0,1,0,0,0,0
"Big Tease, The",1999,86,4,6.1,670,R,0,0,1,0,0,0,0
Big Trouble,2002,85,40,6.4,4088,PG-13,0,0,1,0,0,0,0
Bigger Than the Sky,2005,106,0.75,7.3,32,PG-13,0,0,1,1,0,1,0
Billy Elliot,2000,110,5,7.7,16725,R,0,0,0,1,0,0,0
Birth,2004,100,20,6,2600,R,0,0,0,1,0,1,0
Birthday Girl,2001,93,13,6.1,5340,R,0,0,1,1,0,1,0
Black Hawk Down,2001,142,90,7.6,32530,R,1,0,0,1,0,0,0
Black Knight,2001,95,50,4.1,3822,PG-13,0,0,1,0,0,0,0
Black and White,1999,98,10,5.2,1699,R,0,0,0,1,0,0,0
Blacktop,2000,100,3.5,4.7,192,R,0,0,0,0,0,0,0
Blade,1998,110,45,6.8,24372,R,1,0,0,0,0,0,0
Blade II,2002,108,55,6.6,17139,R,1,0,0,0,0,0,0
Blade: Trinity,2004,124,65,5.7,7439,R,1,0,0,0,0,0,0
"Blair Witch Project, The",1999,86,0.035,6.1,39814,R,0,0,0,0,0,0,0
Blast from the Past,1999,112,35,6.4,9483,PG-13,0,0,1,1,0,1,0
Bless the Child,2000,107,40,5,3814,R,0,0,0,0,0,0,0
Blind Horizon,2003,99,5.1,5.5,801,R,0,0,0,1,0,0,0
Blood Work,2002,110,50,6.3,5965,R,0,0,0,1,0,0,0
Blood and Wine,1996,101,26,6,2134,R,0,0,0,1,0,0,0
"Blood, Guts, Bullets and Octane",1998,87,0.0073,5.3,285,R,1,0,1,0,0,0,0
Bloody Sunday,2002,107,5,7.6,2388,R,0,0,0,1,0,0,0
Blow,2001,124,30,7.1,18670,R,0,0,0,1,0,0,0
Blue Crush,2002,104,30,5.7,4791,PG-13,0,0,0,1,0,1,0
Blue Hill Avenue,2001,120,1.2,6.6,85,R,0,0,0,1,0,0,0
Blues Brothers 2000,1998,123,28,4.5,5267,PG-13,0,0,1,0,0,0,0
Boat Trip,2002,97,20,4.5,2991,R,0,0,1,0,0,0,0
Body of Influence 2,1996,87,1.2,3.4,44,R,0,0,0,0,0,0,0
Bogus,1996,110,32,5,1007,PG,0,0,1,1,0,0,0
Boiler Room,2000,118,9,6.8,8586,R,0,0,0,1,0,0,0
Bon voyage,2003,115,20,7.2,1061,PG-13,0,0,1,1,0,0,0
"Bone Collector, The",1999,118,48,6.2,17766,R,0,0,0,1,0,0,0
"Bone Snatcher, The",2003,96,6,4.1,400,R,0,0,0,0,0,0,0
Bones,2001,96,16,4.2,1418,R,0,0,0,0,0,0,0
Boogeyman,2005,89,20,4.1,2055,PG-13,0,0,0,1,0,0,0
Boogie Nights,1997,156,15,7.6,27380,R,0,0,0,1,0,0,0
"Book of Mormon Movie, Volume 1: The Journey, The",2003,120,2,3.4,142,PG-13,0,0,0,0,0,0,0
Book of Shadows: Blair Witch 2,2000,90,15,4.2,6532,R,0,0,0,0,0,0,0
"Boot, Das",1981,216,14,8.5,28920,R,0,0,0,1,0,0,0
"Borrowers, The",1997,89,29,5.6,1457,PG,0,0,1,0,0,0,0
Bounce,2000,106,35,5.8,5390,PG-13,0,0,0,1,0,1,0
Bound,1996,109,4.5,7.5,11911,R,0,0,0,0,0,1,0
"Bourne Identity, The",2002,119,75,7.3,29871,PG-13,1,0,0,1,0,0,0
"Bourne Supremacy, The",2004,108,75,7.3,19878,PG-13,1,0,0,1,0,0,0
Bowfinger,1999,97,55,6.4,15000,PG-13,0,0,1,0,0,0,0
Bowling for Columbine,2002,120,4,8.5,36747,R,0,0,1,1,1,0,0
Boys Don't Cry,1999,118,2,7.6,14456,R,0,0,0,1,0,0,0
Boys and Girls,2000,94,16,4.9,3483,PG-13,0,0,1,1,0,1,0
"Brady Bunch Movie, The",1995,90,12,5.6,4636,PG-13,0,0,1,0,0,0,0
Braveheart,1995,177,53,8.3,92437,R,1,0,0,1,0,0,0
Bravo Two Zero,1999,115,6.5,6.5,578,R,0,0,0,0,0,0,0
"Bread, My Sweet, The",2001,105,0.6,6.8,257,PG-13,0,0,0,1,0,1,0
Break Up,1998,100,9,5.1,393,R,0,0,0,1,0,0,0
Breakdown,1997,95,36,6.7,7099,R,1,0,0,0,0,0,0
Breakfast of Champions,1999,110,12,4.2,2250,R,0,0,1,0,0,0,0
Breathing Room,1996,90,0.5,4,39,R,0,0,1,0,0,1,0
"Breed, The",2001,91,4,4.7,582,R,1,0,0,0,0,0,0
Bride & Prejudice,2004,122,7,6.3,1503,PG-13,0,0,1,0,0,1,0
Bride of Chucky,1998,89,25,5.2,4449,R,0,0,1,0,0,0,0
Bride of the Wind,2001,99,12,5.2,201,R,0,0,0,1,0,0,0
Bridge of Dragons,1999,95,4,3.7,373,R,1,0,0,0,0,1,0
"Bridges of Madison County, The",1995,135,22,6.9,7633,PG-13,0,0,0,1,0,1,0
Bridget Jones's Diary,2001,97,26,7,24791,R,0,0,1,0,0,1,0
Bridget Jones: The Edge of Reason,2004,108,70,5.7,6636,R,0,0,1,1,0,1,0
Brigham City,2001,119,1,7.1,405,PG-13,0,0,0,1,0,0,0
Bring It On,2000,98,10,6.1,11784,PG-13,0,0,1,0,0,0,0
Bringing Down the House,2003,105,35,5.6,6501,PG-13,0,0,1,0,0,0,0
Bringing Out the Dead,1999,121,32,6.7,13989,R,0,0,0,1,0,0,0
Broken Arrow,1996,108,65,5.7,14415,R,1,0,0,0,0,0,0
Broken Vessels,1998,90,0.6,6.1,223,R,0,0,0,1,0,0,0
Brooklyn Bound,2004,90,0.07,4.2,30,R,0,0,0,1,0,0,0
Brother,2000,114,12,7.1,4322,R,0,0,0,0,0,0,0
"Brother from Another Planet, The",1984,106,0.3,6.7,1133,R,0,0,1,1,0,0,0
"Brothers McMullen, The",1995,98,0.0238,6.4,2325,R,0,0,1,1,0,0,0
Brown Sugar,2002,109,8,5.9,941,PG-13,0,0,1,1,0,1,0
Bruce Almighty,2003,101,81,6.4,23905,PG-13,0,0,1,0,0,1,0
Bruno,2000,108,10,6,295,PG-13,0,0,1,1,0,0,0
"Brylcreem Boys, The",1998,106,6,6,199,PG-13,0,0,0,1,0,1,0
Bubba Ho-tep,2002,92,1,7.5,7142,R,0,0,1,0,0,0,0
Bubble Boy,2001,84,13,5.1,2904,PG-13,0,0,1,1,0,1,0
Buffalo '66,1998,110,1.5,7.2,6652,R,0,0,1,1,0,0,0
Buffalo Soldiers,2001,98,15,7,3753,R,0,0,1,1,0,0,0
Bug Buster,1998,93,8.5,2.9,268,PG-13,1,0,1,0,0,0,0
Bulletproof Monk,2003,104,52,5.2,5405,PG-13,1,0,1,0,0,0,0
"Burial Society, The",2002,94,1.5,6.5,52,R,0,0,0,0,0,0,0
But I'm a Cheerleader,1999,85,1.2,6.2,3897,R,0,0,1,1,0,1,0
"Butterfly Effect, The",2004,120,13,7.6,22975,R,0,0,0,1,0,0,0
C'era una volta il West,1968,158,5,8.7,17241,PG-13,0,0,0,1,0,0,0
CQ,2001,91,7,6.4,1315,R,0,0,1,1,0,0,0
Cabin Fever,2002,93,1.5,5.1,7776,R,0,0,0,0,0,0,0
"Cable Guy, The",1996,96,47,5.5,16266,PG-13,0,0,1,1,0,0,0
Cafe Society,1995,104,3.5,5.7,137,R,0,0,0,1,0,0,0
Calling Bobcat,2000,91,0.23,5,42,R,0,0,0,0,0,0,0
Can't Be Heaven,2000,94,2,5.7,104,PG,0,0,1,1,0,1,0
Can't Hardly Wait,1998,101,10,6.2,8191,PG-13,0,0,1,0,0,1,0
Cape Fear,1991,128,35,7.1,15585,R,0,0,0,1,0,0,0
Captain Corelli's Mandolin,2001,131,57,5.9,5281,R,0,0,0,1,0,1,0
Carandiru,2003,147,6,7.7,1608,R,0,0,0,1,0,0,0
Carnival of Souls,1998,90,2,2.8,462,R,0,0,0,0,0,0,0
Carpool,1996,89,17,4.5,829,PG,0,0,1,0,0,0,0
Casino,1995,176,52,7.8,27234,R,0,0,0,1,0,0,0
Casper,1995,100,55,5.6,8798,PG,0,0,1,0,0,0,0
Cast Away,2000,143,90,7.3,34580,PG-13,0,0,0,1,0,0,0
"Cat in the Hat, The",2003,82,109,3.2,4997,PG,0,0,1,0,0,0,0
Catch Me If You Can,2002,141,52,7.6,39915,PG-13,0,0,0,1,0,0,0
Catch That Kid,2004,91,18,4.5,598,PG,1,0,1,0,0,0,0
Cats & Dogs,2001,87,60,5.4,6487,PG,0,0,1,0,0,0,0
Catwoman,2004,104,85,3.4,8815,PG-13,1,0,0,0,0,0,0
Cecil B. DeMented,2000,87,10,6,3464,R,0,0,1,0,0,0,0
Celebrity,1998,113,12,6.1,4820,R,0,0,1,0,0,0,0
"Cell, The",2000,109,33,6.1,16118,R,0,0,0,0,0,0,0
Cellular,2004,94,25,6.4,6182,PG-13,1,0,0,0,0,0,0
Chain Reaction,1996,106,55,5.1,5936,PG-13,1,0,0,1,0,0,0
Chain of Fools,2000,96,20,6.1,845,R,0,0,1,0,0,0,0
Chairman of the Board,1998,95,10,2.6,666,PG-13,0,0,1,0,0,0,0
"Chamber, The",1996,113,50,5.7,2540,R,0,0,0,1,0,0,0
Changing Habits,1997,95,1.2,5.5,134,R,0,0,1,1,0,0,0
Changing Lanes,2002,99,45,6.6,12779,R,0,0,0,1,0,0,0
Charlie,2004,94,5,5,141,R,0,0,0,1,0,0,0
Charlie's Angels,2000,94,92,5.8,25705,PG-13,1,0,1,0,0,0,0
Charlie's Angels: Full Throttle,2003,107,120,5,13990,PG-13,1,0,1,0,0,0,0
Charlotte Sometimes,2002,85,0.08,4.6,555,R,0,0,0,1,0,0,0
Charly,2002,103,0.95,5.5,149,PG,0,0,1,1,0,1,0
Chasing Amy,1997,111,0.25,7.6,32141,R,0,0,1,1,0,1,0
Chasing Liberty,2004,111,23,5.7,1911,PG-13,0,0,1,0,0,1,0
Cheaper by the Dozen,2003,98,40,5.8,5977,PG,0,0,1,1,0,0,0
Cherish,2002,99,1.5,6.5,743,R,0,0,1,1,0,0,0
Cherry Falls,2000,92,14,4.9,2165,R,0,0,1,0,0,0,0
Chicago,2002,113,45,7.5,34933,PG-13,0,0,1,1,0,0,0
Children On Their Birthdays,2002,102,10,6,163,PG,0,0,0,1,0,0,0
Chill Factor,1999,101,34,5,2542,R,1,0,1,0,0,0,0
Chopin. Pragnienie milosci,2002,134,3.5,4,55,R,0,0,0,1,0,1,0
Christmas with the Kranks,2004,98,60,4.5,1520,PG,0,0,1,0,0,0,0
"Chronicles of Riddick, The",2004,135,110,6.2,11438,PG-13,1,0,0,0,0,0,0
Chuck&Buck,2000,96,0.25,6.6,1919,R,0,0,1,1,0,0,0
Ciao America,2002,100,5,4.8,27,R,0,0,1,1,0,1,0
Cidade de Deus,2002,135,3.3,8.7,25964,R,0,0,0,1,0,0,0
"Cider House Rules, The",1999,126,24,7.5,18950,PG-13,0,0,0,1,0,1,0
"Cinderella Story, A",2004,95,20,4.9,2755,PG,0,0,1,0,0,1,0
Citizen Verdict,2003,97,10,4.8,58,R,0,0,0,0,0,0,0
City Hall,1996,111,40,6.1,4381,R,0,0,0,1,0,0,0
City by the Sea,2002,108,60,6.3,4886,R,0,0,0,1,0,0,0
City of Angels,1998,114,55,6.2,15333,PG-13,0,0,0,1,0,1,0
City of Ghosts,2002,116,17.5,5.6,877,R,0,0,0,0,0,0,0
"Civil Action, A",1998,112,60,6.4,6847,PG-13,0,0,0,1,0,0,0
Civil Brand,2002,95,0.5,4.1,102,R,0,0,0,1,0,0,0
Claudine's Return,1998,91,2,3.8,80,R,0,0,0,1,0,1,0
Claustrophobia,2003,79,0.114,4.2,90,R,0,0,1,0,0,0,0
Clay Pigeons,1998,104,8,6.4,2658,R,0,0,1,1,0,0,0
Clerks.,1994,92,0.23,7.9,39927,R,0,0,1,1,0,0,0
"Climb, The",2002,98,2.5,5.2,83,PG,1,0,0,1,0,0,0
Clockers,1995,129,25,6.8,3099,R,0,0,0,1,0,0,0
Clockstoppers,2002,94,26,5.1,2555,PG,0,0,0,0,0,0,0
Club Dread,2004,119,9,5.2,3432,R,0,0,1,0,0,0,0
Clubland,1999,94,4,4,58,R,0,0,0,0,0,0,0
Clueless,1995,97,20,6.7,16521,PG-13,0,0,1,0,0,1,0
Coach Carter,2005,136,30,6.6,1636,PG-13,0,0,0,1,0,0,0
"Cockettes, The",2002,100,0.3,6.6,177,R,0,0,0,0,1,0,0
Code 46,2003,92,7.5,6.4,2094,R,0,0,0,1,0,1,0
Cold Heart,2001,95,3,4.1,140,R,0,0,0,0,0,0,0
Cold Hearts,1999,90,0.9,3.9,131,R,0,0,0,0,0,0,0
Cold Mountain,2003,152,83,7.4,15712,R,0,0,0,1,0,1,0
Collateral,2004,120,65,7.7,24499,R,0,0,0,1,0,0,0
Collateral Damage,2002,108,85,5.2,8590,R,1,0,0,0,0,0,0
Commandments,1997,88,5,5.4,468,R,0,0,1,1,0,1,0
Committed,2000,98,3,5.2,739,R,0,0,1,1,0,0,0
Company Man,2000,86,16,4.8,492,PG-13,0,0,1,0,0,0,0
"Company, The",2003,112,15,6.2,1505,PG-13,0,0,0,1,0,0,0
"Comunidad, La",2000,110,2,7.2,1270,R,0,0,1,0,0,0,0
"Confession, The",1999,114,4,5.8,519,R,0,0,0,1,0,0,0
Confessions of a Dangerous Mind,2002,113,29,7.1,11487,R,0,0,0,1,0,0,0
Confessions of a Teenage Drama Queen,2004,89,15,4.4,2205,PG,0,0,1,0,0,0,0
Confidence,2003,97,15,6.8,6168,R,0,0,0,1,0,0,0
Congo,1995,109,50,4.4,8058,PG-13,1,0,0,0,0,0,0
Conspiracy Theory,1997,135,75,6.4,15470,R,0,0,0,1,0,1,0
Contact,1997,153,90,7.3,36390,PG,0,0,0,1,0,0,0
"Contender, The",2000,126,9,6.9,7023,R,0,0,0,1,0,0,0
Cop Land,1997,116,15,6.7,12677,R,0,0,0,1,0,0,0
Copycat,1995,123,20,6.5,7804,R,0,0,0,1,0,0,0
"Core, The",2003,135,74,5.4,7860,PG-13,1,0,0,1,0,0,0
Corky Romano,2001,86,11,4.6,2463,PG-13,0,0,1,0,0,0,0
Coronado,2003,88,4.7,4.5,411,PG-13,1,0,1,0,0,0,0
Cotton Mary,1999,124,3.5,5.3,164,R,0,0,0,1,0,0,0
"Count of Monte Cristo, The",2002,134,35,7.4,13907,PG-13,1,0,0,1,0,0,0
Country of My Skull,2004,104,12,5.1,194,R,0,0,0,1,0,0,0
Courage Under Fire,1996,117,46,6.7,8884,R,1,0,0,1,0,0,0
Coyote Ugly,2000,100,45,5.4,13221,R,0,0,1,1,0,1,0
Cradle 2 the Grave,2003,101,25,5.3,4164,R,1,0,0,0,0,0,0
Cradle Will Rock,1999,132,32,6.7,3375,R,0,0,0,1,0,0,0
"Craft, The",1996,101,15,5.9,9187,R,0,0,1,1,0,0,0
Crash,2004,113,6.5,8.3,1660,R,0,0,0,1,0,0,0
Crazy in Alabama,1999,111,15,6.1,2086,PG-13,0,0,1,1,0,0,0
Crazy/Beautiful,2001,135,14,6.5,4503,PG-13,0,0,0,1,0,1,0
"Crew, The",2000,84,23,5.3,1297,PG-13,0,0,1,0,0,0,0
"Crier, The",1995,78,0.25,3.3,12,R,0,0,0,0,0,0,0
Crime Partners 2000,2001,102,0.25,4.4,57,R,0,0,0,0,0,0,0
Crime Spree,2003,98,10,6.3,953,R,0,0,1,0,0,0,0
"Crimen del padre Amaro, El",2002,118,1.8,7,2469,R,0,0,0,1,0,1,0
Crimson Tide,1995,116,53,7.1,14033,R,1,0,0,1,0,0,0
Critical Care,1997,107,12,5.8,397,R,0,0,1,1,0,0,0
Crocodile Dundee in Los Angeles,2001,92,25,4.7,2698,PG,0,0,1,1,0,0,0
"Crocodile Hunter: Collision Course, The",2002,90,13,5.3,1648,PG,0,0,1,0,0,0,0
Crossplot,1969,96,1,4.1,49,PG-13,0,0,0,0,0,0,0
Crossroads,2002,93,12,3.1,8546,PG-13,0,0,1,1,0,1,0
"Crow: City of Angels, The",1996,84,13,3.8,3656,R,1,0,0,0,0,0,0
"Crow: Salvation, The",2000,102,25,4.9,1383,R,1,0,0,1,0,0,0
Cruel Intentions,1999,97,11,6.5,25634,R,0,0,0,1,0,1,0
Cry of the Banshee,1970,87,0.5,4.6,180,R,0,0,0,0,0,0,0
Curdled,1996,88,2.309723,5.5,959,R,0,0,1,0,0,0,0
"Curse of the Jade Scorpion, The",2001,103,26,6.8,5846,PG-13,0,0,1,1,0,0,0
Curse of the Puppet Master,1998,77,0.25,2.7,267,R,0,0,0,0,0,0,0
Cursed,2005,97,35,4.7,1277,R,0,0,0,0,0,0,0
Cutaway,2000,104,9,5.1,390,R,1,0,0,0,0,0,0
Cutthroat Island,1995,119,92,5.1,3942,PG-13,1,0,0,0,0,1,0
Cypher,2002,95,7.5,7.2,3160,R,1,0,0,0,0,0,0
D-Tox,2002,92,55,4.7,2742,R,0,0,0,1,0,0,0
D.E.B.S.,2004,91,3.5,6,300,PG-13,1,0,1,0,0,0,0
Daddy Day Care,2003,92,60,5.7,3803,PG,0,0,1,0,0,0,0
Daddy and Them,2001,101,4,5,364,R,0,0,1,1,0,0,0
Dagon,2001,97,4.8,6,1549,R,0,0,0,0,0,0,0
"Damned, The",2001,90,0.03,2.2,22,R,0,0,0,0,0,0,0
Dancing in September,2000,102,0.85,6.4,166,R,0,0,0,1,0,0,0
"Dangerous Lives of Altar Boys, The",2002,105,12,7.2,3274,R,0,0,0,1,0,0,0
Dante's Peak,1997,104,104,5.6,9203,PG-13,1,0,0,1,0,0,0
Daredevil,2003,133,75,5.7,20642,R,1,0,0,0,0,0,0
Dark Blue,2002,118,15,6.6,3882,R,1,0,0,1,0,0,0
Dark Heaven,2002,87,0.08,2.4,47,R,0,0,0,0,0,0,0
Darkness Falls,2003,86,11,4.5,4928,PG-13,0,0,0,0,0,0,0
Dawn of the Dead,2004,109,28,7.4,16283,R,1,0,0,1,0,0,0
"Day After Tomorrow, The",2004,124,125,6.3,23749,PG-13,1,0,0,1,0,0,0
"Day Without a Mexican, A",2004,100,1.5,5,561,R,0,0,1,1,0,0,0
Day of Defense,2003,102,0.5,3,8,PG,0,0,0,1,0,0,0
Daylight,1996,110,80,5.4,6979,PG-13,1,0,0,1,0,0,0
Dead Babies,2000,100,1,4.3,172,R,0,0,1,0,0,0,0
"Dead Hate the Living!, The",2000,90,0.15,4.3,496,R,0,0,1,0,0,0,0
Dead Man Walking,1995,122,11,7.6,16177,R,0,0,0,1,0,0,0
Dead Man on Campus,1998,96,14,5.4,2829,R,0,0,1,0,0,0,0
Dead Man's Curve,1998,90,1,5.7,1241,R,0,0,1,1,0,0,0
Dead Presidents,1995,119,15,6.3,2641,R,1,0,0,1,0,0,0
Death 4 Told,2004,96,0.085,1.7,45,R,0,0,0,0,0,0,0
Death to Smoochy,2002,109,55,6.3,8003,R,0,0,1,0,0,0,0
Deconstructing Harry,1997,96,20,7.1,7342,R,0,0,1,0,0,0,0
Decoys,2004,95,5,4.2,580,R,0,0,1,0,0,0,0
Deep Blue Sea,1999,105,78,5.5,17666,R,1,0,0,0,0,0,0
"Deep End of the Ocean, The",1999,106,40,5.9,2890,PG-13,0,0,0,1,0,0,0
"Deep End, The",2001,101,3,6.8,3524,R,0,0,0,1,0,0,0
Deep Impact,1998,120,75,5.9,22684,PG-13,0,0,0,1,0,0,0
Deep Rising,1998,97,45,5.4,4626,R,1,0,0,0,0,0,0
"Defender, The",2004,90,6,6.3,58,R,1,0,0,0,0,0,0
Delivered,1998,93,1,5.1,73,R,0,0,1,1,0,0,0
Dellamorte Dellamore,1994,105,4,7.3,2313,R,0,0,1,0,0,1,0
"Demolitionist, The",1995,100,1,4.1,238,R,1,0,0,0,0,0,0
"Dentist II, The",1998,100,1.8,4.1,401,R,0,0,0,0,0,0,0
Derailed,2002,89,18,3.4,1075,R,1,0,0,0,0,0,0
Desperado,1995,106,7,6.8,17929,R,1,0,0,0,0,0,0
Destino,2003,7,1.5,7.8,156,PG,0,1,0,0,0,0,1
Detention,2003,98,10,4.1,223,R,1,0,0,1,0,0,0
Detroit Rock City,1999,95,15,6,4607,R,0,0,1,0,0,0,0
Deuce Bigalow: Male Gigolo,1999,88,18,5.6,9897,R,0,0,1,0,0,0,0
Deuces Wild,2002,100,10,5.3,1511,R,1,0,0,1,0,0,0
"Devil's Advocate, The",1997,144,57,7,26904,R,0,0,0,1,0,0,0
"Devil's Own, The",1997,111,80,5.7,8485,R,1,0,0,1,0,0,0
Devil's Pond,2003,92,5,5.6,370,R,0,0,0,1,0,0,0
Diary of a Mad Black Woman,2005,116,5.5,3.9,837,PG-13,0,0,1,1,0,0,0
Dick,1999,94,13,6.3,5004,PG-13,0,0,1,0,0,0,0
Dickie Roberts: Former Child Star,2003,98,17,5.5,2076,PG-13,0,0,1,0,0,0,0
Die Another Day,2002,133,142,6.4,22136,PG-13,1,0,0,0,0,0,0
Die Hard: With a Vengeance,1995,131,90,7,25258,R,1,0,0,0,0,0,0
"Different Loyalty, A",2004,96,13,5,135,R,0,0,0,1,0,1,0
Digimon: The Movie,2000,82,5,3.4,455,PG,1,1,0,0,0,0,0
Dill Scallion,1999,91,0.5,5.1,136,PG-13,0,0,1,0,0,0,0
Dinosaur,2000,82,127.5,6.3,5839,PG,0,1,0,0,0,0,0
Diplomatic Siege,1999,96,45,3.5,340,R,1,0,0,0,0,0,0
Dirty Pretty Things,2002,97,10,7.6,6274,R,0,0,0,1,0,0,0
Dirty Work,1998,82,13,5.9,4252,PG-13,0,0,1,0,0,0,0
Disturbing Behavior,1998,84,15,5.1,4620,R,0,0,0,0,0,0,0
Divine Secrets of the Ya-Ya Sisterhood,2002,116,27,5.5,4288,PG-13,0,0,1,1,0,0,0
Doctor Dolittle,1998,85,71.5,5.4,8287,PG-13,0,0,1,0,0,0,0
Doctor Sleep,2002,108,10,6.2,609,R,0,0,0,0,0,0,0
Doctor Zhivago,1965,200,11,7.9,10283,PG-13,0,0,0,1,0,1,0
Dodgeball: A True Underdog Story,2004,92,20,6.6,14584,PG-13,0,0,1,0,0,0,0
"Dog of Flanders, A",1999,100,7,6,179,PG,0,0,0,1,0,0,0
Dogma,1999,130,10,7.3,43391,R,0,0,1,0,0,0,0
Dom durakov,2002,104,2.5,6.8,382,R,0,0,0,1,0,0,0
Domestic Disturbance,2001,91,53,5.4,4445,PG-13,0,0,0,1,0,0,0
Dominion,1995,95,1.3,5,85,R,0,0,0,1,0,0,0
Don't Say a Word,2001,113,50,6.2,10098,R,0,0,0,1,0,0,0
Donnie Brasco,1997,127,35,7.6,20029,R,0,0,0,1,0,0,0
Donnie Darko,2001,133,4.5,8.3,51961,R,0,0,0,1,0,0,0
Double Jeopardy,1999,105,40,5.9,13587,R,0,0,0,1,0,0,0
Double Take,2001,91,24,4.8,1503,PG-13,1,0,1,0,0,0,0
Double Tap,1997,87,8,5.3,184,R,1,0,0,0,0,0,0
Double Whammy,2001,100,4,5.6,886,R,0,0,1,1,0,0,0
Down Time,2001,90,0.02,3.5,55,R,0,0,0,1,0,0,0
Down and Out with the Dolls,2001,88,1.2,6,37,R,0,0,1,0,0,0,0
Down to Earth,2001,87,30,5.1,3720,PG-13,0,0,1,0,0,1,0
Down to You,2000,91,9,4.7,3232,PG-13,0,0,1,1,0,1,0
Dr T and the Women,2000,122,12,4.8,4776,R,0,0,1,1,0,1,0
Dr. Dolittle 2,2001,87,72,5.1,4920,PG,0,0,1,0,0,0,0
Dr. Jekyll and Ms. Hyde,1995,90,8,4.2,573,PG-13,0,0,1,0,0,0,0
Dr. Strangelove or: How I Learned to Stop Worrying and Love the Bomb,1964,93,1.8,8.7,63471,PG,0,0,1,0,0,0,0
Dracula,1992,128,40,7.1,19972,R,0,0,0,1,0,1,0
Dracula 2000,2000,99,28,4.9,5364,R,0,0,0,0,0,0,0
Dragonfly,2002,104,60,5.8,5431,PG-13,0,0,0,1,0,0,0
Dreamcatcher,2003,134,68,5.2,10403,R,0,0,0,0,0,0,0
Drive,1997,117,3.5,6.4,1086,R,1,0,1,0,0,0,0
Drive Me Crazy,1999,91,8,5.1,2934,PG-13,0,0,1,1,0,1,0
Driven,2001,116,72,4.4,7129,PG-13,1,0,0,1,0,0,0
Drowning Mona,2000,95,16,5.4,3454,PG-13,0,0,1,0,0,0,0
Drumline,2002,118,20,5.3,7368,PG-13,0,0,1,1,0,1,0
"Dude, Where's My Car?",2000,83,13,4.6,13330,PG-13,0,0,1,0,0,0,0
Dudley Do-Right,1999,77,22,3.6,1790,PG,0,0,1,0,0,0,0
Duets,2000,112,15,5.8,2414,R,0,0,1,1,0,0,0
Dumb & Dumber,1994,101,16,6.6,27713,PG-13,0,0,1,0,0,0,0
Dumb and Dumberer: When Harry Met Lloyd,2003,85,19,3.3,4689,PG-13,0,0,1,0,0,0,0
Dungeons & Dragons,2000,107,35,4,7435,PG-13,1,0,0,0,0,0,0
Duplex,2003,89,40,5.7,4334,PG-13,0,0,1,0,0,0,0
Dusting Cliff 7,1996,95,1.3,3.5,80,R,1,0,0,1,0,0,0
DysFunktional Family,2003,89,3,5.6,207,R,0,0,1,0,1,0,0
E.T. the Extra-Terrestrial,1982,120,10.5,7.8,44175,PG,0,0,0,1,0,0,0
Ed Wood,1994,127,18,8,22612,R,0,0,1,1,0,0,0
Eddie,1996,100,30,4.9,1348,PG-13,0,0,1,0,0,0,0
Edges of the Lord,2001,95,7.5,7,639,R,0,0,0,1,0,0,0
Edtv,1999,122,60,6.2,10085,PG-13,0,0,1,0,0,0,0
Eight Legged Freaks,2002,99,30,5.5,6362,PG-13,1,0,1,0,0,0,0
"Eighteenth Angel, The",1998,95,25,4.6,557,R,1,0,0,0,0,0,0
Election,1999,103,8.5,7.4,17521,R,0,0,1,0,0,0,0
Elektra,2005,96,43,4.9,5120,PG-13,1,0,0,0,0,0,0
Elephant,2003,81,3,7.3,9203,R,0,0,0,1,0,0,0
Elf,2003,95,33,7,10165,PG,0,0,1,0,0,0,0
Elizabeth,1998,124,25,7.6,14733,R,0,0,0,1,0,0,0
Ella Enchanted,2004,96,35,6.5,2502,PG,0,0,1,0,0,1,0
Elvira's Haunted Hills,2001,90,1.5,5.2,307,PG-13,0,0,1,0,0,0,0
Embrace of the Vampire,1994,93,0.8,4.2,1551,R,0,0,0,0,0,0,0
Emma,1996,121,6,6.9,6431,PG,0,0,1,0,0,1,0
Emmett's Mark,2002,104,4.5,6.2,427,R,0,0,0,1,0,0,0
"Emperor's Club, The",2002,109,12.5,6.7,3056,PG-13,0,0,0,1,0,0,0
Empire,2002,90,3.5,6,1718,R,1,0,0,1,0,0,0
End of Days,1999,121,83,5.3,18237,R,1,0,0,0,0,0,0
"End of Violence, The",1997,122,5,5.4,1575,R,0,0,0,1,0,0,0
"End of the Affair, The",1999,102,23,7,4808,R,0,0,0,1,0,1,0
Enemy at the Gates,2001,131,70,7.3,19169,R,1,0,0,1,0,1,0
Enemy of the State,1998,131,90,7.1,23263,R,1,0,0,1,0,0,0
"English Patient, The",1996,160,27,7.1,25210,R,0,0,0,1,0,1,0
Enough,2002,115,38,4.9,4339,PG-13,0,0,0,1,0,0,0
Enter the Dragon,1973,99,0.85,7.4,8078,R,1,0,0,0,0,0,0
Entrapment,1999,113,66,6.1,18543,PG-13,0,0,1,0,0,1,0
Envy,2004,99,40,4.3,3417,PG-13,0,0,1,0,0,0,0
Equilibrium,2002,107,20,7.6,17579,R,1,0,0,0,0,0,0
"Era of Vampire, The",2002,90,1,4.2,329,R,1,0,0,0,0,0,0
Eraser,1996,115,100,5.8,14641,R,1,0,0,1,0,0,0
Erin Brockovich,2000,130,51,7.3,24301,R,0,0,0,1,0,0,0
Escanaba in da Moonlight,2001,91,1,5.5,373,PG-13,0,0,1,0,0,0,0
Escape from L.A.,1996,101,50,4.8,7955,R,1,0,0,0,0,0,0
"Espinazo del diablo, El",2001,108,4.5,7.4,3474,R,0,0,0,1,0,0,0
Eternal Sunshine of the Spotless Mind,2004,108,20,8.6,46240,R,0,0,1,1,0,1,0
Eulogy,2004,91,10,6.5,773,R,0,0,1,1,0,0,0
EuroTrip,2004,90,25,6.1,8390,R,0,0,1,0,0,0,0
Eve's Bayou,1997,109,5,7.2,2302,R,0,0,0,1,0,0,0
Evelyn,2002,94,10,7.1,1163,PG,0,0,0,1,0,0,0
EvenHand,2002,92,0.5,7.3,169,R,0,0,0,1,0,0,0
Event Horizon,1997,96,70,5.7,15510,R,0,0,0,0,0,0,0
Ever After,1998,121,26,7,10250,PG,0,0,1,1,0,1,0
"Everlasting Piece, An",2000,103,14,6.1,475,R,0,0,1,0,0,0,0
Everyone Says I Love You,1996,101,20,6.9,7314,R,0,0,1,0,0,1,0
Everything Put Together,2000,87,0.5,7.1,151,R,0,0,0,1,0,0,0
Evil Alien Conquerors,2002,89,0.5,3.8,111,PG-13,0,0,1,0,0,0,0
"Evil Dead, The",1981,86,0.35,7.4,14407,NC-17,0,0,0,0,0,0,0
Evita,1996,134,55,6.2,8371,PG,0,0,0,1,0,0,0
Evolution,2001,101,80,5.8,14232,PG-13,0,0,1,0,0,0,0
Exit Wounds,2001,101,33,5.3,5370,R,1,0,0,0,0,0,0
Exorcist: The Beginning,2004,114,30,5,4130,R,1,0,0,0,0,0,0
Extreme Measures,1996,118,38,5.9,3417,R,0,0,0,0,0,0,0
Extreme Ops,2002,94,40,4,1337,PG-13,1,0,0,0,0,0,0
Eye for an Eye,1996,101,20,5.6,1843,R,0,0,0,1,0,0,0
Eye of the Beholder,1999,109,15,4.5,5549,R,0,0,0,0,0,0,0
Eyes Wide Shut,1999,159,65,7,37868,R,0,0,0,1,0,0,0
Facade,2000,93,6,4.8,93,R,1,0,0,0,0,0,0
Face/Off,1997,133,80,7.1,37506,R,1,0,0,1,0,0,0
"Faculty, The",1998,104,15,6.1,13143,R,0,0,0,0,0,0,0
Fahrenheit 9/11,2004,122,6,7.9,34666,R,0,0,0,0,1,0,0
Fair Game,1995,91,50,3.9,2579,R,1,0,1,1,0,0,0
Faithful,1996,91,13,5.6,414,R,0,0,1,0,0,0,0
"Falls, The",2003,85,0.075,5.7,29,R,0,0,0,1,0,0,0
"Family Man, The",2000,125,60,6.5,11220,PG-13,0,0,1,1,0,1,0
"Fan, The",1996,114,55,5.4,6920,R,0,0,0,0,0,0,0
"Fantasma dell'opera, Il",1998,106,10,3.8,910,R,0,0,0,1,0,1,0
Far from Heaven,2002,107,13.5,7.7,9167,PG-13,0,0,0,1,0,1,0
Fargo,1996,98,7,8.2,65597,R,0,0,0,1,0,0,0
Fascination,2004,95,5,3.3,124,R,0,0,0,1,0,1,0
"Fast and the Furious, The",2001,106,38,5.7,21428,PG-13,1,0,0,0,0,0,0
Father of the Bride Part II,1995,106,30,5.6,4089,PG,0,0,1,0,0,0,0
Fathers' Day,1997,98,85,4.7,2714,PG-13,0,0,1,0,0,0,0
Faust: Love of the Damned,2001,101,6,4.1,628,R,0,0,0,0,0,0,0
Fear X,2003,91,6.6,5.9,742,PG-13,0,0,0,0,0,0,0
FearDotCom,2002,101,42,3.2,5126,R,0,0,0,0,0,0,0
Female Trouble,1974,97,0.025,7.1,868,NC-17,0,0,1,0,0,0,0
Femme Fatale,2002,114,35,6.4,6083,R,0,0,0,0,0,0,0
Feng yun xiong ba tian xia,1998,85,10,6.3,922,PG-13,1,0,0,0,0,0,0
Festen,1998,105,1.3,8.2,11983,R,0,0,0,1,0,0,0
Fever,1999,95,6,5.7,248,R,0,0,0,0,0,0,0
Fever Pitch,2005,98,39.69,6.6,1712,PG-13,0,0,1,0,0,1,0
"Fifth Element, The",1997,126,90,7.1,55398,PG-13,1,0,0,1,0,0,0
Fight Club,1999,139,63,8.5,112092,R,0,0,0,1,0,0,0
Final,2001,111,0.08,5.2,330,R,0,0,0,1,0,0,0
Final Destination,2000,98,23,6.6,16504,R,0,0,0,0,0,0,0
Final Destination 2,2003,90,26,6.3,8481,R,0,0,0,0,0,0,0
Final Fantasy: The Spirits Within,2001,106,137,6.5,16451,PG-13,1,1,0,0,0,0,0
Final Solution,2001,110,1.5,7,32,R,1,0,0,1,0,0,0
Finding Forrester,2000,136,43,7.3,13439,PG-13,0,0,0,1,0,0,0
Finding Graceland,1998,106,10,6.6,504,PG-13,0,0,0,1,0,0,0
Fire Over Afghanistan,2003,92,0.155,4.5,67,R,1,0,0,1,0,0,0
Firestorm,1998,89,19,4.4,987,R,1,0,0,0,0,0,0
"Firm, The",1993,154,42,6.6,14708,R,0,0,0,1,0,0,0
First Knight,1995,134,75,5.6,8708,PG-13,0,0,0,1,0,1,0
"First Love, Last Rites",1997,94,0.3,5,147,R,0,0,0,1,0,1,0
Flawless,1999,112,27,6.1,3287,R,0,0,1,1,0,0,0
Flight of the Phoenix,2004,113,45,6,2732,PG-13,1,0,0,0,0,0,0
"Flintstones in Viva Rock Vegas, The",2000,90,58,3.7,1712,PG,0,0,1,0,0,0,0
Flossin,2001,81,0.086,7.9,7,PG-13,0,0,0,0,0,0,0
Following,1998,69,0.006,7.6,3197,R,0,0,0,0,0,0,0
For Love of the Game,1999,137,50,6.1,5782,PG-13,0,0,0,1,0,1,0
Foreign Correspondents,1999,102,0.5,7.6,117,PG-13,0,0,0,1,0,1,0
"Foreigner, The",2003,96,20,3.1,904,R,1,0,0,0,0,0,0
Forever Lulu,2000,99,20,5.5,257,R,0,0,1,0,0,1,0
"Forgotten, The",2004,94,42,5.8,8234,PG-13,0,0,0,1,0,0,0
Forrest Gump,1994,142,55,8.2,89722,PG-13,0,0,1,1,0,0,0
"Forsaken, The",2001,90,5,5.1,1928,R,0,0,0,0,0,0,0
Fortress 2,1999,92,11,4.2,1027,R,1,0,0,0,0,0,0
"Four Feathers, The",2002,125,80,6.2,4400,PG-13,0,0,0,1,0,0,0
Four Rooms,1995,98,4,6,10675,R,0,0,1,1,0,0,0
Four Weddings and a Funeral,1994,117,6,7.2,17820,R,0,0,1,1,0,1,0
Frailty,2001,100,11,7.4,10551,R,0,0,0,1,0,0,0
Frankenfish,2004,84,3,4.6,309,R,1,0,1,0,0,0,0
Frankenstein,1994,123,45,6,6941,R,0,0,0,1,0,0,0
Freaky Friday,2003,97,26,6.9,8052,PG,0,0,1,1,0,0,0
Freddy Got Fingered,2001,87,15,3.5,9115,R,0,0,1,0,0,0,0
Freddy Vs. Jason,2003,97,25,6.1,11109,R,1,0,0,0,0,0,0
Freddy's Dead: The Final Nightmare,1991,93,5,4.3,3618,R,0,0,1,0,0,0,0
Free Money,1998,91,30,4.7,619,R,0,0,1,0,0,0,0
Freeway,1996,102,3,6.5,4961,R,0,0,0,1,0,0,0
Freeway II: Confessions of a Trickbaby,1999,90,2,4.6,666,R,0,0,0,1,0,0,0
Freeze Frame,2004,99,2,5.8,189,R,0,0,0,1,0,0,0
Frequency,2000,118,31,7.4,15317,PG-13,0,0,0,1,0,0,0
Frida,2002,123,12,7.5,8614,R,0,0,0,1,0,0,0
Friday,1995,91,3.5,6.7,7020,R,0,0,1,1,0,0,0
Friday After Next,2002,85,20,4.9,1659,R,0,0,1,0,0,0,0
Friday Night Lights,2004,117,30,7,4290,PG-13,0,0,0,1,0,0,0
From Dusk Till Dawn,1996,108,20,6.8,28473,R,1,0,1,0,0,0,0
From Hell,2001,122,35,6.8,17292,R,0,0,0,0,0,0,0
From Justin to Kelly,2003,90,12,1.7,6517,PG,0,0,1,0,0,1,0
Frostbite,2005,83,2.4,2.8,201,R,0,0,1,0,0,0,0
Full Clip,2004,95,0.5,4.1,72,R,1,0,0,0,0,0,0
Full Frontal,2002,101,2,5,3056,R,0,0,1,1,0,1,0
"Full Monty, The",1997,91,3.5,7.2,22115,R,0,0,1,0,0,0,0
Galaxy Quest,1999,102,45,7.2,22341,PG,0,0,1,0,0,0,0
"Game of Their Lives, The",2005,101,20,6.4,125,PG,0,0,0,1,0,0,0
"Game, The",1997,128,50,7.6,28099,R,0,0,0,0,0,0,0
Gangs of New York,2002,166,97,7.3,34808,R,0,0,0,1,0,0,0
Garage Days,2002,106,6,5.6,597,R,0,0,1,1,0,0,0
Garden State,2004,109,2.5,8.1,23814,R,0,0,1,1,0,1,0
Garfield,2004,80,50,4.8,4775,PG,0,1,1,0,0,0,0
Gattaca,1997,101,36,7.6,26071,PG-13,0,0,0,1,0,0,0
"Gatto nel cervello, Un",1990,93,0.1,5.6,237,R,0,0,0,0,0,0,0
"General's Daughter, The",1999,116,60,6.1,11128,R,0,0,0,1,0,0,0
George of the Jungle,1997,92,55,5.5,6430,PG,0,0,1,0,0,0,0
Gerry,2002,105,3.5,6,1944,R,0,0,0,1,0,0,0
Get Carter,2000,104,40,4.7,4927,R,1,0,0,1,0,0,0
Get Over It,2001,87,10,5.7,3561,PG-13,0,0,1,0,0,1,0
Get Shorty,1995,105,30.25,7,14825,R,0,0,1,1,0,0,0
Get on the Bus,1996,120,2.4,6.6,1142,R,0,0,0,1,0,0,0
Ghost Ship,2002,91,35,5.3,8399,R,0,0,0,0,0,0,0
Ghost World,2000,111,7,7.8,17976,R,0,0,1,1,0,0,0
"Ghost and the Darkness, The",1996,109,55,6.4,8360,R,1,0,0,1,0,0,0
Ghosts of Mars,2001,98,28,4.6,6368,R,1,0,0,0,0,0,0
Ghosts of the Abyss,2003,43,13,6.6,664,PG,0,0,0,0,1,0,0
"Ghouls, The",2003,81,0.009,6.1,43,R,0,0,0,0,0,0,0
"Gift, The",2000,111,10,6.8,12440,R,0,0,0,1,0,0,0
Gigli,2003,121,54,2.3,11285,R,0,0,1,0,0,1,0
Ginger Snaps: Unleashed,2004,94,3.5,6.6,1118,R,0,0,0,0,0,0,0
"Gingerbread Man, The",1998,114,25,5.7,2806,R,0,0,0,0,0,0,0
Girl 6,1996,108,12,5,1453,R,0,0,1,1,0,0,0
"Girl, Interrupted",1999,127,24,7,16362,R,0,0,0,1,0,0,0
Gladiator,2000,155,103,8,92495,R,1,0,0,1,0,0,0
Glitter,2001,104,22,2.1,5209,PG-13,0,0,0,1,0,1,0
Global Heresy,2002,106,12,5.7,373,R,0,0,0,1,0,0,0
Gloria,1999,108,30,4.9,1144,R,0,0,0,1,0,0,0
Go,1999,103,6.5,7.4,20663,R,0,0,1,0,0,0,0
Go Fish,1994,84,0.015,5.8,621,R,0,0,0,0,0,1,0
Goat on Fire and Smiling Fish,1999,90,0.04,6.3,254,R,0,0,1,0,0,1,0
God's Army,2000,108,0.3,6.4,354,PG,0,0,0,1,0,0,0
Gods and Generals,2003,209,56,5.7,3002,PG-13,1,0,0,1,0,0,0
Gods and Monsters,1998,105,3.5,7.6,9020,R,0,0,0,1,0,0,0
Going Greek,2001,90,0.198,4.8,261,R,0,0,1,0,0,0,0
Gojira ni-sen mireniamu,1999,99,1,5.6,1150,PG,1,0,0,0,0,0,0
"Golden Bowl, The",2000,130,15,6,1145,R,0,0,0,1,0,0,0
GoldenEye,1995,130,80,6.8,22991,PG-13,1,0,0,0,0,0,0
Gone Fishin',1997,94,53,3.8,1884,PG,0,0,1,0,0,0,0
Gone in Sixty Seconds,2000,117,90,5.7,25400,PG-13,1,0,0,0,0,0,0
Gong fu,2004,99,20,7.9,5299,R,1,0,1,0,0,0,0
Good Boy!,2003,88,18,4.7,683,PG,0,0,1,1,0,0,0
Good Burger,1997,103,9,4,1714,PG,0,0,1,0,0,0,0
"Good Girl, The",2002,93,5,6.9,8254,R,0,0,1,1,0,0,0
Good Will Hunting,1997,126,10,7.8,60858,R,0,0,0,1,0,0,0
Gosford Park,2001,137,15,7.3,16831,R,0,0,0,1,0,0,0
Gothika,2003,98,40,5.8,10524,R,0,0,0,0,0,0,0
Grace of My Heart,1996,116,5,6.5,982,R,0,0,1,1,0,0,0
"Granny, The",1995,85,1,4.2,142,R,0,0,1,0,0,0,0
"Grave, The",1996,90,4,5.6,303,R,0,0,1,0,0,0,0
Gravesend,1997,85,0.065,5,111,R,0,0,0,1,0,0,0
"Great White Hope, The",1970,103,6,6.9,369,PG-13,0,0,0,1,0,0,0
"Green Mile, The",1999,188,60,8.1,60142,R,0,0,0,1,0,0,0
"Greenskeeper, The",2002,90,0.08,4.7,38,R,0,0,1,0,0,0,0
Grey Owl,1999,118,30,5.7,629,PG-13,0,0,0,1,0,0,0
"Grey Zone, The",2001,108,5,7.3,1553,R,0,0,0,1,0,0,0
Grim,1995,86,1,1.6,228,R,0,0,0,0,0,0,0
Groove,2000,86,0.5,6,1171,R,0,0,0,1,0,0,0
Grosse Pointe Blank,1997,107,15,7.4,20400,R,0,0,1,0,0,1,0
"Grudge, The",2004,92,10,5.9,11441,PG-13,0,0,0,0,0,0,0
Grumpier Old Men,1995,101,25,6.2,3711,PG-13,0,0,1,0,0,1,0
Guinevere,1999,104,2.6,6.3,804,R,0,0,0,1,0,1,0
Gun Shy,2000,101,10,5.4,1701,R,0,0,1,0,0,1,0
"Guru, The",2002,94,11,5.9,3505,R,0,0,1,0,0,1,0
"Guy Thing, A",2003,101,20,5.3,2885,PG-13,0,0,1,0,0,1,0
Hairshirt,1998,89,0.065,4.2,242,R,0,0,1,0,0,1,0
Half Past Dead,2002,98,30,3.9,2099,PG-13,1,0,0,0,0,0,0
Halloween H20: 20 Years Later,1998,85,17,5.3,8153,R,0,0,0,0,0,0,0
Halloween: Resurrection,2002,89,15,4.3,4323,R,0,0,0,0,0,0,0
Halloween: The Curse of Michael Myers,1995,88,5,4.2,2662,R,0,0,0,0,0,0,0
Hanging Up,2000,94,40,4.4,3129,PG-13,0,0,1,1,0,0,0
Hangman's Curse,2003,106,2,4.9,405,PG-13,0,0,0,0,0,0,0
Hannibal,2001,133,87,6.2,28876,R,0,0,0,0,0,0,0
Happy Gilmore,1996,92,10,6.8,17746,PG-13,0,0,1,0,0,0,0
"Happy, Texas",1999,98,1.7,6.4,3453,PG-13,0,0,1,0,0,0,0
Hard Ball,2001,109,21,6,3083,PG-13,0,0,0,1,0,0,0
Hard Rain,1998,97,70,5.5,6161,R,1,0,0,1,0,0,0
Hardware,1990,93,1.5,5.2,1323,R,1,0,0,0,0,0,0
Harold & Kumar Go to White Castle,2004,90,9,7.1,8376,R,0,0,1,0,0,0,0
Harriet the Spy,1996,100,13,5.8,845,PG,0,0,1,1,0,0,0
Harry Potter and the Chamber of Secrets,2002,152,100,7.3,38394,PG,0,0,0,0,0,0,0
Harry Potter and the Prisoner of Azkaban,2004,141,130,7.8,24973,PG,0,0,0,0,0,0,0
Harry Potter and the Sorcerer's Stone,2001,152,130,7.2,46741,PG,0,0,0,0,0,0,0
Hart's War,2002,125,70,6.2,6368,R,0,0,0,1,0,0,0
Harvard Man,2001,99,5.5,4.9,1157,R,0,0,0,1,0,1,0
"Haunted Mansion, The",2003,87,90,5,3341,PG,0,0,1,0,0,0,0
"Haunting, The",1999,112,80,4.6,14425,PG-13,0,0,0,0,0,0,0
Hav Plenty,1997,84,0.65,5.3,256,R,0,0,1,0,0,0,0
He Got Game,1998,137,25,6.6,4198,R,0,0,0,1,0,0,0
Head Over Heels,2001,86,14,4.9,2632,PG-13,0,0,1,0,0,1,0
Heart of America,2003,87,3,6.1,204,R,0,0,0,1,0,0,0
"Heart of Me, The",2002,96,7,6.2,336,R,0,0,0,1,0,1,0
Heartbreakers,2001,110,40,6.2,8037,PG-13,0,0,1,0,0,1,0
Hearts in Atlantis,2001,101,31,6.7,6577,PG-13,0,0,0,1,0,0,0
Heat,1995,188,60,7.9,44588,R,1,0,0,1,0,0,0
Heaven,2002,96,11,7.3,3857,R,0,0,0,1,0,0,0
Heaven's Prisoners,1996,132,25,5.4,1405,R,0,0,0,0,0,0,0
Heavenly Creatures,1994,108,5,7.7,11453,R,0,0,0,1,0,1,0
Heavy Metal 2000,2000,88,15,5.1,1148,R,1,1,0,0,0,0,0
Hedwig and the Angry Inch,2001,93,6,7.7,6072,R,0,0,1,1,0,1,0
Held Up,1999,89,8,4.6,555,PG-13,0,0,1,0,0,0,0
"Helix... Loaded, The",2005,97,1,2.3,33,R,1,0,1,0,0,0,0
Hellboy,2004,132,66,6.7,15565,PG-13,1,0,0,0,0,0,0
Hellraiser: Bloodline,1996,86,4,4.2,2041,R,0,0,0,0,0,0,0
Henry V,1989,137,9,7.9,8241,PG-13,1,0,0,1,0,0,0
Here on Earth,2000,93,15,4.8,2187,PG-13,0,0,0,1,0,1,0
Hey Arnold! The Movie,2002,76,10,4.8,425,PG,0,1,1,0,0,0,0
Hidalgo,2004,136,78,6.6,7328,PG-13,1,0,0,1,0,0,0
Hidden Agenda,2001,98,5,4.2,266,R,1,0,0,0,0,0,0
Hidden Assassin,1995,89,11,4.4,245,R,1,0,0,1,0,0,0
Hide and Seek,2005,101,30,5.2,3784,R,0,0,0,1,0,0,0
Hideous Kinky,1998,98,12,6.1,1615,R,0,0,0,1,0,0,0
High Crimes,2002,115,42,6.1,6043,PG-13,0,0,0,1,0,0,0
High Fidelity,2000,113,20,7.6,29704,R,0,0,1,1,0,1,0
High Strung,1991,93,0.3,6.2,391,PG,0,0,1,0,0,0,0
Highlander,1986,116,16,7.1,18146,R,1,0,0,0,0,0,0
Highlander II: The Quickening,1991,92,30,3.4,9264,R,1,0,0,0,0,0,0
Highlander III: The Sorcerer,1994,102,26,3.7,3388,PG-13,1,0,0,0,0,0,0
Highlander: Endgame,2000,101,15,4.4,3773,R,1,0,0,0,0,0,0
"Hillz, The",2004,91,0.1,3.1,80,R,0,0,1,1,0,0,0
HipHopBattle.com: Hip Hop 4 Life,2001,98,0.012,5.7,15,PG-13,0,0,1,1,0,1,0
Hit and Runway,1999,108,1.2,6.7,189,R,0,0,1,0,0,0,0
"Hitchhiker's Guide to the Galaxy, The",2005,110,50,6.9,7644,PG,0,0,1,0,0,0,0
Holes,2003,117,30,7.2,5235,PG,0,0,1,1,0,0,0
Hollow Man,2000,112,95,5.3,16168,R,0,0,0,0,0,0,0
Hollywood Ending,2002,112,16,6.3,3673,PG-13,0,0,1,1,0,0,0
Hollywood Homicide,2003,116,75,5.2,5312,PG-13,1,0,1,0,0,0,0
Hollywood North,2003,89,7,5.7,114,R,0,0,1,0,0,0,0
"Hollywood Sign, The",2001,90,12,5.3,196,R,0,0,1,0,0,0,0
Holy Man,1998,114,60,4.9,3497,PG,0,0,1,1,0,0,0
Home Fries,1998,91,15,4.9,2374,PG-13,0,0,1,1,0,1,0
"Home at the End of the World, A",2004,96,6.5,6.5,1693,R,0,0,0,1,0,1,0
Home on the Range,2004,76,110,5.4,1510,PG,0,1,1,0,0,0,0
Hometown Legend,2002,108,2,4.6,186,PG,0,0,0,1,0,0,0
Honey,2003,94,17,3.9,3067,PG-13,0,0,0,1,0,1,0
Hong faan kui,1996,91,7.5,6.5,4644,R,1,0,1,0,0,0,0
Hope Floats,1998,114,30,5.3,4382,PG-13,0,0,1,1,0,1,0
"Horse Whisperer, The",1998,170,60,6.4,6744,PG-13,0,0,0,1,0,1,0
"Hours, The",2002,114,25,7.6,16692,PG-13,0,0,0,1,0,0,0
House of 1000 Corpses,2003,88,7,5.1,6136,R,0,0,0,0,0,0,0
"House of Mirth, The",2000,140,10,6.9,2167,PG,0,0,0,1,0,1,0
House of Sand and Fog,2003,126,16,7.8,8164,R,0,0,0,1,0,0,0
House of Wax,2005,105,30,4.6,1298,R,0,0,0,0,0,0,0
"House of Yes, The",1997,85,1.5,6.5,2345,R,0,0,1,1,0,0,0
House of the Dead,2003,90,7,2.3,3921,R,1,0,0,0,0,0,0
House on Haunted Hill,1999,99,19,5.1,9694,R,0,0,0,0,0,0,0
"House on Turk Street, The",2002,103,12,5.5,1048,R,0,0,0,1,0,0,0
How Harry Became a Tree,2001,99,6,6.7,115,R,0,0,0,1,0,0,0
How High,2001,95,12,4.9,2916,R,0,0,1,0,0,0,0
How Stella Got Her Groove Back,1998,124,20,5,1475,R,0,0,0,1,0,1,0
How the Grinch Stole Christmas,2000,104,123,5.7,12680,PG,0,0,1,1,0,0,0
How to Deal,2003,102,16,5.5,1537,PG-13,0,0,1,1,0,1,0
How to Kill Your Neighbor's Dog,2000,107,7.3,7,907,R,0,0,1,1,0,0,0
How to Lose a Guy in 10 Days,2003,116,50,6.1,9257,PG-13,0,0,1,0,0,1,0
Hulk,2003,138,120,6.1,20710,PG-13,1,0,0,1,0,0,0
Hurricane,1997,91,0.5,6.6,424,R,0,0,0,1,0,0,0
"Hurricane, The",1999,145,38,7.3,12445,R,0,0,0,1,0,0,0
Husbands,1970,131,1,7,373,PG-13,0,0,0,1,0,0,0
I Am Sam,2001,132,22,7.2,9945,PG-13,0,0,0,1,0,0,0
I Capture the Castle,2003,111,8,7,947,R,0,0,0,1,0,1,0
I Dreamed of Africa,2000,114,34,5.2,1113,PG-13,0,0,0,1,0,0,0
I Got the Hook Up,1998,93,3.5,3.2,412,R,0,0,1,0,0,0,0
I Heart Huckabees,2004,106,22,7,7262,R,0,0,1,0,0,0,0
"I Inside, The",2003,90,8.8,6,734,R,0,0,0,0,0,0,0
I Know What You Did Last Summer,1997,99,17,5.3,15932,R,0,0,0,0,0,0,0
I Married a Strange Person!,1997,74,0.25,6.2,391,R,0,1,1,1,0,0,0
I Spy,2002,97,70,5.3,5521,PG-13,1,0,1,0,0,0,0
I Still Know What You Did Last Summer,1998,100,24,4,9524,R,0,0,0,0,0,0,0
I'm with Lucy,2002,90,15,6.2,646,R,0,0,1,0,0,1,0
"I, Robot",2004,115,105,7,22330,PG-13,1,0,0,0,0,0,0
Ice Age,2002,81,60,7.3,22302,PG,0,1,1,0,0,0,0
Ice Cream Man,1995,84,2,4.2,349,R,0,0,1,0,0,0,0
"Ice Storm, The",1997,112,18,7.5,13115,R,0,0,0,1,0,0,0
"Ideal Husband, An",1999,97,14,7,4584,PG-13,0,0,1,0,0,1,0
Identity,2003,90,30,7.3,18747,R,0,0,0,1,0,0,0
Idle Hands,1999,92,20,5.4,5892,R,0,0,1,0,0,0,0
Igby Goes Down,2002,99,9,7.1,7958,R,0,0,1,1,0,0,0
Imaginary Heroes,2004,112,10,7,411,R,0,0,1,1,0,0,0
"Importance of Being Earnest, The",2002,97,15,6.8,3598,PG,0,0,1,1,0,1,0
Impostor,2002,102,40,5.8,3292,R,1,0,0,1,0,0,0
In & Out,1997,92,35,6.2,10352,PG-13,0,0,1,0,0,0,0
"In Crowd, The",2000,104,15,4,1342,PG-13,0,0,0,1,0,0,0
In Dreams,1999,98,30,5.3,3652,R,0,0,0,0,0,0,0
In This World,2002,88,1.9,7.8,815,R,0,0,0,1,0,0,0
In the Bedroom,2001,130,1.7,7.4,10177,R,0,0,0,1,0,0,0
In the Company of Men,1997,97,0.025,7.3,3618,R,0,0,1,0,0,0,0
In the Cut,2003,119,12,5.1,4525,R,0,0,0,0,0,0,0
In the Shadows,2001,105,10,4.8,268,R,0,0,0,1,0,0,0
Incident at Loch Ness,2004,94,1.4,6.4,251,PG-13,0,0,1,0,0,0,0
"Incredibles, The",2004,121,92,8.3,30749,PG,1,1,1,0,0,0,0
"Incredibly True Adventure of Two Girls in Love, The",1995,94,0.25,6.5,795,R,0,0,1,1,0,1,0
Independence Day,1996,153,75,6.1,61831,PG-13,1,0,0,0,0,0,0
"Indian in the Cupboard, The",1995,96,45,5.8,1430,PG,0,0,0,0,0,0,0
"Insider, The",1999,157,68,8,28780,R,0,0,0,1,0,0,0
Insight of Evil,2003,80,0.12,5.1,11,R,0,0,0,0,0,0,0
Insomnia,2002,118,46,7.3,22235,R,0,0,0,1,0,0,0
Inspector Gadget,1999,78,75,4,5288,PG,1,0,1,0,0,0,0
Instinct,1999,126,55,6.1,6298,R,0,0,0,1,0,0,0
"Intended, The",2002,110,3.8,6.8,40,R,0,0,0,1,0,0,0
Intermission,2003,102,5,6.4,1971,R,0,0,1,1,0,0,0
"Interpreter, The",2005,128,80,6.6,4678,PG-13,0,0,0,1,0,0,0
Interstate 60,2002,116,7,7.7,2495,R,0,0,1,1,0,0,0
Interview with the Assassin,2002,88,0.75,6.7,409,R,0,0,0,1,0,0,0
Into the Sun,2005,97,16,4,481,R,1,0,0,0,0,0,0
Intolerable Cruelty,2003,100,60,6.6,11967,PG-13,0,0,1,0,0,1,0
"Intruder, The",1962,84,0.08,8,163,PG-13,0,0,0,1,0,0,0
"Invasions barbares, Les",2003,112,5,7.9,4900,R,0,0,1,1,0,0,0
"Iron Giant, The",1999,86,48,7.9,15151,PG,0,1,0,0,0,0,0
"Island of Dr. Moreau, The",1996,99,40,4,5983,PG-13,0,0,0,0,0,0,0
Isn't She Great,2000,95,36,4.8,688,R,0,0,1,1,0,1,0
"Italian Job, The",2003,111,60,6.9,18496,PG-13,1,0,0,0,0,0,0
JFK,1991,206,40,7.8,26456,R,0,0,0,1,0,0,0
Jack,1996,113,45,5.2,5256,PG-13,0,0,1,1,0,0,0
Jack Frost,1998,101,50,4.5,2130,PG,0,0,1,1,0,0,0
"Jackal, The",1997,124,60,5.7,12753,R,0,0,0,0,0,0,0
Jackass: The Movie,2002,87,5,6.1,8893,R,0,0,1,0,1,0,0
"Jacket, The",2005,102,19,6.4,1564,R,0,0,0,0,0,0,0
Jackie Brown,1997,154,12,7.5,28891,R,0,0,0,1,0,0,0
Jackpot,2001,97,0.4,5.2,213,R,0,0,1,1,0,0,0
Jade,1995,107,50,4.8,2380,R,1,0,0,1,0,0,0
Jake's Booty Call,2003,77,0.05,7,10,R,0,0,1,0,0,0,0
Jakob the Liar,1999,120,15,5.9,2544,PG-13,0,0,1,1,0,0,0
James and the Giant Peach,1996,79,38,6.6,3144,PG,0,1,0,0,0,0,0
Japanese Story,2003,105,5.74,7,1330,R,0,0,0,1,0,0,0
Jason X,2001,85,14,4.6,5975,R,0,0,0,0,0,0,0
Jay and Silent Bob Strike Back,2001,104,22,6.9,24211,R,0,0,1,0,0,0,0
Jeepers Creepers,2001,90,10,5.4,10973,R,0,0,0,1,0,0,0
Jeepers Creepers II,2003,104,25,5.2,4069,R,0,0,0,0,0,0,0
Jefferson in Paris,1995,139,14,5.6,665,PG-13,0,0,0,1,0,0,0
Jennifer's Shadow,2004,96,1,5.1,17,R,0,0,0,0,0,0,0
Jerry Maguire,1996,139,50,7.3,34623,R,0,0,1,1,0,1,0
Jerry and Tom,1998,106,5,6.7,447,R,0,0,1,1,0,0,0
Jersey Girl,2004,102,35,6.4,6853,PG-13,0,0,1,1,0,0,0
Jesus' Son,1999,107,2.5,6.9,2291,R,0,0,0,1,0,0,0
"Jimmy Show, The",2001,99,1,4.6,145,R,0,0,1,1,0,0,0
Jing cha gu shi III: Chao ji jing cha,1992,95,0.9,6.7,2024,R,1,0,1,0,0,0,0
Jingle All the Way,1996,88,60,4.7,6246,PG,1,0,1,0,0,0,0
Jisatsu saakuru,2002,99,0.25,6.8,1311,R,0,0,0,0,0,0,0
Joe Dirt,2001,91,16,5.1,5514,PG-13,0,0,1,0,0,1,0
Joe Somebody,2001,98,38,5.5,1937,PG,0,0,1,1,0,1,0
Joe's Apartment,1996,80,13,5,2169,PG-13,0,0,1,0,0,0,0
John Q,2002,116,36,6.4,8952,PG-13,0,0,0,1,0,0,0
Johnny English,2003,87,35,5.6,8125,PG,1,0,1,0,0,0,0
Johnson Family Vacation,2004,97,12,3.6,955,PG-13,0,0,1,0,0,0,0
Josie and the Pussycats,2001,98,22,5.2,4508,PG-13,0,0,1,0,0,0,0
Joy Ride,2001,97,23,6.6,8132,R,0,0,0,0,0,0,0
Judge Dredd,1995,96,90,4.6,9979,R,1,0,0,0,0,0,0
Judgment,2001,105,11,4.6,106,PG-13,0,0,0,1,0,0,0
Jui kuen II,1994,99,2,7.5,4628,R,1,0,1,0,0,0,0
Julie Walking Home,2002,118,5,7.3,190,R,0,0,0,1,0,1,0
Jumanji,1995,104,65,6,14874,PG,1,0,1,0,0,0,0
Jurassic Park III,2001,92,93,5.6,20690,PG-13,1,0,0,0,0,0,0
"Juror, The",1996,118,44,5.3,2920,R,0,0,0,1,0,0,0
Just Looking,1999,97,3,6.2,436,R,0,0,1,0,0,0,0
Just the Ticket,1999,115,12,5.5,610,R,0,0,1,0,0,1,0
Juwanna Mann,2002,91,15.6,3.9,885,PG-13,0,0,1,0,0,0,0
K-19: The Widowmaker,2002,140,100,6.6,8292,PG-13,0,0,0,1,0,0,0
K-PAX,2001,120,48,7.2,17235,PG-13,0,0,0,1,0,0,0
Kama Sutra: A Tale of Love,1996,114,3,5.5,1491,R,0,0,0,1,0,1,0
Kangaroo Jack,2003,89,60,3.9,3661,PG,0,0,1,0,0,0,0
Kansas City,1996,116,19,5.8,1077,R,0,0,0,1,0,0,0
Karakter,1997,122,4.5,7.7,2687,R,0,0,0,1,0,0,0
Kate & Leopold,2001,123,48,6.3,8060,PG-13,0,0,1,0,0,1,0
Keane,2004,100,0.85,6.3,34,R,0,0,0,1,0,0,0
Keeping the Faith,2000,128,30,6.8,11351,PG-13,0,0,1,1,0,1,0
Kejar Amerika,2004,86,0.1,6.7,19,PG-13,0,0,0,0,0,0,0
Kicked in the Head,1997,87,4,4.2,271,R,0,0,1,1,0,0,0
"Kid, The",2000,104,65,6.1,5418,PG,0,0,1,1,0,0,0
Kill Bill: Vol. 1,2003,111,55,8.3,65026,R,1,0,0,1,0,0,0
Kill Bill: Vol. 2,2004,136,30,8.3,44189,R,1,0,0,1,0,0,0
"Killer Eye, The",1999,72,0.4,2.2,210,R,0,0,0,0,0,0,0
Killers,1997,86,0.1,2.8,127,R,1,0,0,0,0,0,0
Killing Me Softly,2002,104,25,5.4,1771,R,0,0,0,1,0,0,0
Kimberly,1999,106,2,5.3,231,R,0,0,1,0,0,1,0
King Arthur,2004,140,90,6,14272,R,1,0,0,1,0,0,0
Kingdom of Heaven,2005,145,130,7,6498,R,1,0,0,1,0,0,0
Kingpin,1996,117,25,6.6,10643,PG-13,0,0,1,0,0,0,0
Kinsey,2004,118,11,7.6,3225,R,0,0,0,1,0,0,0
Kiss of the Dragon,2001,98,25,6.2,7887,R,1,0,0,1,0,0,0
Kiss or Kill,1997,96,2,6.2,590,R,0,0,0,0,0,0,0
Kiss the Girls,1997,111,27,6.4,9041,R,0,0,0,1,0,0,0
Kiss the Sky,1999,107,6,5.6,263,R,0,0,0,0,0,1,0
"Kiss, The",2004,25,0.006,5.8,5,PG-13,0,0,0,0,0,0,1
Kissing Jessica Stein,2001,97,1,7,4236,R,0,0,1,0,0,1,0
"Knight's Tale, A",2001,132,41,6.5,15006,PG-13,1,0,1,0,0,0,0
Knock Off,1998,91,35,3.8,1947,R,1,0,0,0,0,0,0
Kontroll,2003,107,0.5,7.8,1174,R,0,0,0,0,0,0,0
Kundun,1997,128,28,7.1,4306,PG-13,0,0,0,1,0,0,0
Kung Pow: Enter the Fist,2002,82,10,5.1,5871,PG-13,1,0,1,0,0,0,0
LD 50 Lethal Dose,2003,97,8,5,88,R,0,0,0,0,0,0,0
Lady of the Lake,1998,82,0.06,3.9,46,R,0,0,0,0,0,0,0
"Ladykillers, The",2004,104,35,6.4,10580,R,0,0,1,0,0,0,0
Lake Placid,1999,82,27,5.2,7836,R,1,0,1,0,0,0,0
Lana's Rain,2002,107,0.215,7.1,56,R,0,0,0,1,0,0,0
Lara Croft Tomb Raider: The Cradle of Life,2003,117,90,5.2,9103,PG-13,1,0,0,0,0,0,0
Lara Croft: Tomb Raider,2001,100,80,5.2,21861,PG-13,1,0,0,0,0,0,0
Lashou shentan,1992,131,4.5,7.9,6568,R,1,0,0,1,0,0,0
"Last Castle, The",2001,131,60,6.4,7233,R,1,0,0,1,0,0,0
"Last Horror Movie, The",2003,80,0.78,5.2,409,R,0,0,0,0,0,0,0
Last Man Standing,1996,101,67,5.7,6751,R,1,0,0,1,0,0,0
Last Orders,2001,109,12,7.1,1583,R,0,0,0,1,0,0,0
"Last Patrol, The",2000,95,8.2,2.9,236,PG-13,1,0,0,1,0,0,0
"Last Picture Show, The",1971,118,1.3,8,5340,R,0,0,0,1,0,0,0
"Last Resort, The",1997,86,5,5,62,PG-13,1,0,0,0,0,0,0
"Last Samurai, The",2003,154,100,7.9,31668,R,1,0,0,1,0,0,0
"Last Time I Committed Suicide, The",1997,92,4,5.3,530,R,0,0,0,1,0,0,0
Latter Days,2003,107,0.85,7.3,1396,R,0,0,1,1,0,1,0
Lawn Dogs,1997,101,8,7.5,1856,R,0,0,0,1,0,0,0
Laws of Attraction,2004,90,28,5.7,2349,PG-13,0,0,1,0,0,1,0
"League of Extraordinary Gentlemen, The",2003,110,78,5.4,15647,PG-13,1,0,0,0,0,0,0
"Learning Curve, The",2001,113,1,5.2,177,R,0,0,0,1,0,0,0
Leaving Las Vegas,1995,111,4,7.5,18027,R,0,0,0,1,0,1,0
Legally Blonde,2001,96,18,6.4,17572,PG-13,0,0,1,0,0,0,0
"Legally Blonde 2: Red, White & Blonde",2003,95,45,4.4,6293,PG-13,0,0,1,0,0,0,0
"Legend of Bagger Vance, The",2000,126,60,6.4,7123,PG-13,0,0,1,1,0,1,0
Legend of the Mummy,1997,96,2,2.4,257,R,0,0,0,0,0,0,0
"Leggenda del pianista sull'oceano, La",1998,120,9,7.6,3599,R,0,0,0,1,0,0,0
Legion of the Dead,2001,92,2.7,3.4,374,R,0,0,1,0,0,0,0
Legionnaire,1998,98,35,4.5,1773,R,1,0,0,0,0,0,0
Lemony Snicket's A Series of Unfortunate Events,2004,108,125,6.7,8402,PG,0,0,1,0,0,0,0
"Lengua asesina, La",1996,98,4,4,244,R,0,0,1,0,0,0,0
Lethal Weapon 4,1998,127,140,6.3,17758,R,1,0,1,0,0,0,0
Levity,2003,100,7.5,6.4,1459,R,0,0,0,1,0,0,0
Liar Liar,1997,86,45,6.5,22969,PG-13,0,0,1,0,0,0,0
Liberty Stands Still,2002,92,11,5.6,1560,R,0,0,0,1,0,0,0
Life,1999,108,75,5.8,4857,R,0,0,1,1,0,0,0
"Life Aquatic with Steve Zissou, The",2004,118,25,7.3,9170,R,0,0,1,1,0,0,0
"Life Less Ordinary, A",1997,103,12,6.4,8209,R,0,0,1,1,0,1,0
Life as a House,2001,127,18,7.5,7696,R,0,0,1,1,0,0,0
"Life of David Gale, The",2003,130,50,7.1,10580,R,0,0,0,1,0,0,0
Light It Up,1999,99,13,5.7,856,R,0,0,0,1,0,0,0
Like Mike,2002,99,30,4.9,1484,PG,0,0,1,0,0,0,0
Lilo & Stitch,2002,86,80,7.3,10944,PG,0,1,1,1,0,0,0
Limbo,1999,126,8.3,7.1,2063,R,0,0,0,1,0,0,0
"Limey, The",1999,89,9,7.2,7732,R,0,0,0,1,0,0,0
Little Black Book,2004,111,35,4.7,1894,PG-13,0,0,1,1,0,1,0
Little Nicky,2000,90,80,4.9,9485,PG-13,0,0,1,0,0,1,0
Little Secrets,2001,97,2.5,6.9,457,PG,0,0,0,1,0,0,0
"Little Vampire, The",2000,91,22,5.6,601,PG,0,0,1,0,0,0,0
Livers Ain't Cheap,1997,89,2.5,4.5,81,R,0,0,0,0,0,0,0
Living Out Loud,1998,103,12,6.5,1774,R,0,0,1,1,0,1,0
"Lizzie McGuire Movie, The",2003,94,17,5,2541,PG,0,0,1,0,0,0,0
Lolita,1997,137,58,6.8,5757,R,0,0,0,1,0,1,0
Lone Star,1996,135,5,7.7,8518,R,0,0,0,1,0,0,0
"Long Kiss Goodnight, The",1996,120,65,6.5,12516,R,1,0,0,1,0,0,0
Looney Tunes: Back in Action,2003,91,80,6.1,2559,PG,1,1,1,0,0,0,0
"Lord of the Rings: The Fellowship of the Ring, The",2001,208,93,8.8,157608,PG-13,1,0,0,0,0,0,0
"Lord of the Rings: The Return of the King, The",2003,251,94,9,103631,PG-13,1,0,0,0,0,0,0
"Lord of the Rings: The Two Towers, The",2002,223,94,8.8,114797,PG-13,1,0,0,0,0,0,0
Loser,2000,92,20,5.1,5152,PG-13,0,0,1,0,0,1,0
Losing Isaiah,1995,111,17,6.1,794,R,0,0,0,1,0,0,0
"Loss of Sexual Innocence, The",1999,106,4,5.3,977,R,0,0,0,1,0,0,0
Lost Highway,1997,135,15,7.3,15936,R,0,0,0,1,0,0,0
Lost Souls,2000,97,28,4.6,3423,R,0,0,0,0,0,0,0
"Lost World: Jurassic Park, The",1997,129,73,5.5,28055,PG-13,1,0,0,0,0,0,0
Lost in Space,1998,130,80,4.7,15209,PG-13,1,0,0,0,0,0,0
Lost in Translation,2003,102,4,8,42450,R,0,0,1,1,0,0,0
"Lot Like Love, A",2005,107,30,4.6,786,PG-13,0,0,1,1,0,1,0
Love & Basketball,2000,124,15,6.7,2093,PG-13,0,0,0,1,0,1,0
"Love Letter, The",1999,88,15,5.2,1258,PG-13,0,0,1,1,0,0,0
Love Liza,2002,90,1,6.6,1588,R,0,0,0,1,0,0,0
Love Object,2003,88,1,6.3,427,R,0,0,1,0,0,0,0
Love Stinks,1999,94,4,5.3,1311,R,0,0,1,0,0,0,0
Love Story,1970,99,2.2,6.2,2844,PG,0,0,0,1,0,1,0
Love and Other Catastrophes,1996,78,0.25,6.5,783,R,0,0,1,0,0,1,0
Love's Labour's Lost,2000,93,13,5.9,1254,PG,0,0,1,0,0,1,0
Lovely & Amazing,2001,91,0.25,6.9,1813,R,0,0,1,1,0,0,0
Lover Girl,1997,87,1,5.3,102,R,0,0,1,1,0,0,0
Lucky 13,2004,95,1.2,5.7,151,R,0,0,1,0,0,1,0
Lucky Break,2001,108,6,6.3,707,PG-13,0,0,1,0,0,0,0
Lucky Numbers,2000,105,65,5,2396,R,0,0,1,0,0,0,0
Luminarias,2000,100,1,2.7,381,R,0,0,1,0,0,1,0
"Lunes al sol, Los",2002,113,4,7.8,1466,R,0,0,0,1,0,0,0
MASH,1970,112,3.5,7.8,14829,R,0,0,1,1,0,0,0
Mad City,1997,115,50,6,3965,PG-13,0,0,0,1,0,0,0
Made,2001,94,5,6.5,4487,R,0,0,1,1,0,0,0
Madhouse,2004,91,3,5.4,389,R,0,0,0,0,0,0,0
Madonna: Truth or Dare,1991,114,4.5,5.5,2660,R,0,0,0,0,1,0,0
Magnolia,1999,188,37,8,45992,R,0,0,0,1,0,0,0
Maid in Manhattan,2002,105,55,4.6,12237,PG-13,0,0,1,0,0,1,0
"Mailman, The",2004,85,0.075,7,6,R,0,0,0,0,0,0,0
"Majestic, The",2001,156,72,6.7,8649,PG,0,0,0,1,0,1,0
Major Dundee,1965,152,3.8,6.4,468,PG-13,0,0,0,0,0,0,0
Malibu's Most Wanted,2003,86,16,4.9,2099,PG-13,0,0,1,0,0,0,0
Mallrats,1995,94,6.1,7.1,22837,R,0,0,1,1,0,0,0
"Man Apart, A",2003,110,36,5.4,4231,R,1,0,0,1,0,0,0
"Man Who Wasn't There, The",2001,118,20,7.7,17028,R,0,0,1,1,0,0,0
"Man from Elysian Fields, The",2001,106,6.5,6.8,1198,R,0,0,0,1,0,0,0
"Man in the Iron Mask, The",1998,132,35,6,11127,PG-13,1,0,0,1,0,0,0
Man of the House,2005,97,40,5.2,511,PG-13,1,0,1,0,0,0,0
Man on Fire,2004,146,70,7.4,14358,R,1,0,0,1,0,0,0
Man on the Moon,1999,118,52,7.3,19826,R,0,0,1,1,0,0,0
Man-Thing,2005,96,30,3.8,163,R,1,0,0,0,0,0,0
Manny & Lo,1996,88,0.5,6.9,395,R,0,0,0,1,0,0,0
"Maquinista, El",2004,102,5,7.7,4322,R,0,0,0,1,0,0,0
Marci X,2003,80,20,2.8,741,R,0,0,1,0,0,0,0
Marilyn's Man,2004,92,0.825,7.6,24,PG,0,0,0,0,1,0,0
Mars Attacks!,1996,106,70,6.1,27363,PG-13,1,0,1,0,0,0,0
Martin Lawrence Live: Runteldat,2002,113,3,4.6,504,R,0,0,1,0,1,0,0
Marvin's Room,1996,98,23,6.5,4005,PG-13,0,0,1,1,0,0,0
Mary Reilly,1996,108,47,5.5,2806,R,0,0,0,1,0,0,0
"Mask of Zorro, The",1998,136,65,6.8,18220,PG-13,1,0,1,0,0,1,0
Master and Commander: The Far Side of the World,2003,138,150,7.5,21328,PG-13,1,0,0,1,0,0,0
"Master of Disguise, The",2002,80,16,2.9,3903,PG,0,0,1,0,0,0,0
Matilda,1996,102,36,6.5,4351,PG,0,0,1,1,0,0,0
"Matrix Reloaded, The",2003,138,127,7.1,57225,R,1,0,0,0,0,0,0
"Matrix Revolutions, The",2003,125,110,6.3,40058,R,1,0,0,0,0,0,0
"Matrix, The",1999,136,63,8.5,143853,R,1,0,0,0,0,0,0
Max Keeble's Big Move,2001,86,12,5.3,587,PG,0,0,1,0,0,0,0
May,2002,93,1.7,6.8,3324,R,0,0,0,1,0,0,0
Mayerling,1968,140,5,5.6,154,PG-13,0,0,0,1,0,1,0
McHale's Navy,1997,108,42,3.7,1758,PG,0,0,1,0,0,0,0
"Me, Myself & Irene",2000,116,51,6,21305,R,0,0,1,0,0,0,0
Mean Creek,2004,89,0.5,7.3,2094,R,0,0,0,1,0,0,0
Mean Girls,2004,97,17,7,11591,PG-13,0,0,1,1,0,0,0
"Medallion, The",2003,88,41,4.5,2765,PG-13,1,0,1,0,0,0,0
Meet Joe Black,1998,178,90,6.6,16796,PG-13,0,0,0,1,0,1,0
Meet the Deedles,1998,93,24,3.4,443,PG,0,0,1,0,0,0,0
Meet the Fockers,2004,115,80,6.5,11950,PG-13,0,0,1,0,0,0,0
Meet the Parents,2000,108,55,7,30804,PG-13,0,0,1,0,0,0,0
Megiddo: The Omega Code 2,2001,104,22,3.8,729,PG-13,0,0,0,0,0,0,0
Memento,2000,113,5,8.7,90317,R,0,0,0,1,0,0,0
Men in Black,1997,98,90,6.8,53231,PG-13,1,0,1,0,0,0,0
Men in Black II,2002,88,140,5.6,21580,PG-13,1,0,1,0,0,0,0
Men of Honor,2000,129,32,6.6,9684,R,0,0,0,1,0,0,0
Men of War,1994,99,12,4.6,397,R,1,0,0,1,0,0,0
Men with Brooms,2002,102,7.5,5.9,1096,R,0,0,1,1,0,1,0
Menace II Society,1993,97,3.5,7.3,4704,R,1,0,0,1,0,0,0
"Merchant of Venice, The",2004,138,30,7.3,1400,R,0,0,1,1,0,0,0
Mercury Rising,1998,108,60,5.6,8202,R,1,0,0,1,0,0,0
Mercy Streets,2000,106,0.6,4.6,149,PG-13,1,0,0,1,0,0,0
Message in a Bottle,1999,126,30,5.4,5582,PG-13,0,0,0,1,0,1,0
Metoroporisu,2001,107,14.5,7.3,3380,PG-13,1,1,0,1,0,1,0
Metro,1997,117,55,5.2,3560,R,1,0,1,1,0,0,0
"Mexican, The",2001,123,38,6,13935,R,0,0,1,0,0,1,0
Michael Moore Hates America,2004,125,0.2,4.2,629,R,0,0,0,0,1,0,0
Mickey,2004,90,6,5.4,52,PG,0,0,0,1,0,0,0
Mickey Blue Eyes,1999,102,40,5.8,7247,PG-13,0,0,1,0,0,1,0
Midnight in the Garden of Good and Evil,1997,155,30,6.4,8517,R,0,0,0,1,0,0,0
Mighty Aphrodite,1995,95,15,7,7083,R,0,0,1,0,0,0,0
Mighty Joe Young,1998,114,49,5.6,2873,PG,0,0,0,0,0,0,0
Million Dollar Baby,2004,132,30,8.3,20195,PG-13,0,0,0,1,0,0,0
"Million Dollar Hotel, The",2000,122,8,5.5,4746,R,0,0,0,1,0,0,0
Mimic,1997,105,25,5.6,6052,R,0,0,0,0,0,0,0
Mindhunters,2004,102,27,6.3,3925,R,1,0,0,0,0,0,0
"Minion, The",1998,95,12,3.2,338,R,1,0,0,0,0,0,0
Minority Report,2002,145,102,7.8,51199,PG-13,1,0,0,1,0,0,0
"Mirror Has Two Faces, The",1996,122,42,5.7,2775,PG-13,0,0,1,1,0,1,0
Miss Congeniality,2000,109,45,6.2,16235,PG-13,0,0,1,0,0,0,0
Mission: Impossible,1996,110,75,6.6,33496,PG-13,1,0,0,0,0,0,0
Mission: Impossible II,2000,123,125,5.7,35958,PG-13,1,0,0,0,0,0,0
Modern Vampires,1998,91,2,4.1,700,R,0,0,0,0,0,0,0
Modigliani,2004,128,12,7,155,R,0,0,0,1,0,0,0
Molly,1999,102,21,5.5,610,PG-13,0,0,1,1,0,1,0
"Molly Maguires, The",1970,124,11,6.6,455,PG,0,0,0,1,0,0,0
Mona Lisa Smile,2003,117,65,6.1,6838,PG-13,0,0,1,1,0,1,0
Money Talks,1997,97,25,5.5,2720,R,1,0,1,0,0,0,0
Money Train,1995,103,68,5.1,5081,R,1,0,1,1,0,0,0
Monkeybone,2001,92,75,4.7,3112,PG-13,0,1,1,0,0,0,0
Monsoon Wife,2004,92,1,4.7,15,R,0,0,0,1,0,0,0
Monster,2003,109,8,7.4,12306,R,0,0,0,1,0,0,0
Monster's Ball,2001,112,4,7.3,15037,R,0,0,0,1,0,1,0
Monster-in-Law,2005,102,60,5.6,147,PG-13,0,0,1,0,0,1,0
Montana,1998,92,4,6.1,417,R,1,0,0,1,0,0,0
Moonlight Mile,2002,117,20,6.9,3479,PG-13,0,0,0,1,0,1,0
Mortal Kombat,1995,101,20,5,8779,PG-13,1,0,0,0,0,0,0
Mortal Kombat: Annihilation,1997,91,30,3,5799,PG-13,1,0,0,0,0,0,0
Mosquito,1995,92,0.2,3.3,312,R,0,0,0,0,0,0,0
Mother Night,1996,114,5.5,7.1,1232,R,0,0,0,1,0,1,0
"Mothman Prophecies, The",2002,119,42,6.5,11073,PG-13,0,0,0,0,0,0,0
Moulin Rouge!,2001,127,52.5,7.7,47689,PG-13,0,0,0,1,0,1,0
Mousehunt,1997,99,38,5.8,4637,PG,1,0,1,0,0,0,0
Mr 3000,2004,104,30,5.7,1459,PG-13,0,0,1,1,0,0,0
Mr. Deeds,2002,96,50,5.5,11729,PG-13,0,0,1,0,0,1,0
Mrs. Winterbourne,1996,105,25,5.8,1310,PG-13,0,0,1,0,0,1,0
"Mudge Boy, The",2003,94,0.8,6.8,204,R,0,0,0,1,0,0,0
Muertos de risa,1999,111,3.5,6.3,334,R,0,0,1,0,0,0,0
Mulholland Dr.,2001,147,15,7.9,35504,R,0,0,0,1,0,0,0
Multiplicity,1996,117,45,5.7,5241,PG-13,0,0,1,0,0,0,0
Mumford,1999,112,28,6.9,3384,R,0,0,1,1,0,0,0
"Mummy Returns, The",2001,130,98,6.1,23551,PG-13,1,0,0,0,0,0,0
"Mummy, The",1999,124,76,6.5,36216,PG-13,1,0,1,0,0,0,0
Murder by Numbers,2002,120,50,6,8358,R,0,0,0,0,0,0,0
Murders in the Rue Morgue,1971,87,0.7,4.9,137,PG-13,0,0,0,0,0,0,0
Muriel's Wedding,1994,106,3,7.1,6685,R,0,0,1,0,0,1,0
"Muse, The",1999,97,15,5.6,3513,PG-13,0,0,1,0,0,0,0
Music of the Heart,1999,124,27,6.6,2348,PG,0,0,0,1,0,0,0
"Musketeer, The",2001,104,40,4.4,3966,PG-13,1,0,0,1,0,1,0
Mutant Aliens,2001,81,0.2,6.4,223,R,0,1,1,0,0,0,0
Mutant Species,1995,100,1.75,2.8,42,R,0,0,0,0,0,0,0
Mute Witness,1994,95,2,6.8,1202,R,0,0,1,0,0,0,0
My Best Friend's Wedding,1997,105,46,6.4,16648,PG-13,0,0,1,0,0,1,0
My Big Fat Greek Wedding,2002,95,5,6.9,21675,PG,0,0,1,0,0,1,0
My Boss's Daughter,2003,90,14,4.1,2765,R,0,0,1,0,0,1,0
My Cousin Vinny,1992,120,11,7.2,10877,R,0,0,1,0,0,0,0
My Dog Skip,2000,95,7,7.1,3109,PG,0,0,0,1,0,0,0
My Family,1995,128,5.5,7,859,R,0,0,0,1,0,0,0
My Favorite Martian,1999,93,60,4.5,1942,PG,0,0,1,0,0,0,0
My Fellow Americans,1996,101,21.5,6.3,2752,PG-13,0,0,1,0,0,0,0
My Life's in Turnaround,1993,84,0.022,3.9,196,R,0,0,1,0,0,0,0
My Little Eye,2002,92,3,5.9,2244,R,0,0,0,0,0,0,0
Mystery Men,1999,121,68,5.8,13331,PG-13,1,0,1,0,0,0,0
"Mystery, Alaska",1999,119,28,6.4,5440,R,0,0,1,1,0,0,0
"Mystic Masseur, The",2001,117,2.5,5.2,157,PG,0,0,0,1,0,0,0
Mystic River,2003,137,30,8,28969,R,0,0,0,1,0,0,0
Nadie conoce a nadie,1999,108,3,6.3,565,R,0,0,0,0,0,0,0
Nadja,1994,93,1,5.7,781,R,0,0,0,1,0,0,0
Napoleon Dynamite,2004,86,0.4,7.2,17524,PG,0,0,1,0,0,0,0
Naqoyqatsi,2002,89,3,6.9,575,PG,0,0,0,0,1,0,0
Narc,2002,105,7.5,7.3,7185,R,0,0,0,1,0,0,0
National Treasure,2004,131,100,6.6,12361,PG,1,0,0,0,0,0,0
Nattens engel,1998,98,0.7,4.9,209,R,0,0,0,0,0,0,0
Naturally Native,1998,107,0.7,8.5,26,PG-13,0,0,0,0,0,0,0
"Negotiator, The",1998,139,50,7.2,19100,R,1,0,0,1,0,0,0
Nemesis Game,2003,92,3,5.5,339,R,0,0,0,0,0,0,0
"Net, The",1995,114,22,5.6,12201,PG-13,1,0,0,1,0,0,0
Never Again,2001,98,0.5,5.7,309,R,0,0,1,0,0,1,0
"New Guy, The",2002,89,13,5.2,4266,PG-13,0,0,1,0,0,0,0
New Jersey Drive,1995,98,5,5.4,348,R,0,0,0,1,0,0,0
"Newton Boys, The",1998,113,27,5.7,2003,PG-13,1,0,0,1,0,0,0
"Next Best Thing, The",2000,108,25,4.7,3131,PG-13,0,0,1,1,0,0,0
Next Friday,2000,98,9.5,5.2,3457,R,0,0,1,0,0,0,0
Next Stop Wonderland,1998,104,1,6.7,1467,R,0,0,1,1,0,1,0
Nicholas Nickleby,2002,132,10,7.4,1651,PG,0,0,0,1,0,0,0
Nil by Mouth,1997,128,9,6.9,1159,R,0,0,0,1,0,0,0
"Ninth Gate, The",1999,133,38,6.4,16291,R,0,0,0,0,0,0,0
Nixon,1995,212,50,6.8,5837,R,0,0,0,1,0,0,0
No Code of Conduct,1998,95,12,4.4,314,R,1,0,0,1,0,0,0
No Looking Back,1998,96,5,5.6,622,R,0,0,1,1,0,1,0
No Return,2003,86,0.035,6.1,18,PG-13,0,0,0,0,0,0,0
No Way Home,1996,99,4,6.6,328,R,0,0,0,1,0,0,0
No Witness,2004,95,0.35,3.8,9,R,0,0,0,0,0,0,0
Nochnoy dozor,2004,115,4.2,6.3,1020,R,1,0,0,0,0,0,0
Northfork,2003,103,1.9,6.2,1521,PG-13,0,0,0,1,0,0,0
Not Another Teen Movie,2001,89,16,5.2,10295,R,0,0,1,0,0,0,0
"Notebook, The",2004,123,30,7.8,8830,PG-13,0,0,0,1,0,1,0
Notting Hill,1999,124,42,7,27285,PG-13,0,0,1,1,0,1,0
November,2004,73,0.3,2.8,164,R,0,0,0,1,0,0,0
Novocaine,2001,95,6,5.9,2829,R,0,0,1,1,0,0,0
Nueve reinas,2000,114,1.5,7.6,3721,R,0,0,0,1,0,0,0
Nurse Betty,2000,110,24,6.6,10441,R,0,0,1,1,0,1,0
Nutty Professor II: The Klumps,2000,109,84,4.5,5825,PG-13,0,0,1,0,0,0,0
"Nutty Professor, The",1996,95,54,5.8,12273,PG-13,0,0,1,0,0,1,0
O,2001,95,5,6.3,4555,R,0,0,0,1,0,1,0
"O Brother, Where Art Thou?",2000,106,26,7.8,37961,PG-13,0,0,1,0,0,0,0
"Object of My Affection, The",1998,111,15,6,4027,R,0,0,1,1,0,1,0
Ocean's Eleven,2001,116,85,7.5,44662,PG-13,0,0,1,0,0,0,0
Ocean's Twelve,2004,125,110,6,14797,PG-13,0,0,1,0,0,0,0
Octane,2003,91,11.5,4.4,355,R,0,0,0,0,0,0,0
Octopus,2000,95,5,2.8,367,PG-13,0,0,0,0,0,0,0
Office Space,1999,89,10,7.7,26134,R,0,0,1,0,0,0,0
Old School,2003,92,24,6.7,14283,R,0,0,1,0,0,0,0
On the Border,1998,103,3,4.8,165,R,0,0,0,1,0,0,0
On the Line,2001,85,10,4.1,1013,PG,0,0,1,0,0,1,0
Once Upon a Time in America,1984,227,30,8.2,19292,R,0,0,0,1,0,0,0
Once Upon a Time in Mexico,2003,102,29,6,14732,R,1,0,0,0,0,0,0
One Eight Seven,1997,119,23,6.3,2958,R,0,0,0,1,0,0,0
One Eyed King,2001,105,6.5,5.1,81,R,0,0,0,1,0,0,0
One Hell of a Christmas,2002,94,0.4,2.7,70,R,0,0,1,0,0,0,0
One Hour Photo,2002,96,12,7.1,17130,R,0,0,0,1,0,0,0
One Night Stand,1997,102,24,5.7,1709,R,0,0,0,1,0,0,0
One True Thing,1998,127,30,7,2534,R,0,0,0,1,0,0,0
Onegin,1999,106,14,6.3,1327,R,0,0,0,1,0,1,0
Open Range,2003,139,26,7.5,8799,R,0,0,0,1,0,0,0
Open Water,2003,79,0.13,6.1,7204,R,0,0,0,1,0,0,0
Orange County,2002,82,18,6.1,8526,PG-13,0,0,1,1,0,0,0
"Order, The",2003,102,38,4.6,3004,R,0,0,0,0,0,0,0
Orgazmo,1997,92,1,5.7,5128,NC-17,0,0,1,0,0,0,0
Original Gangstas,1996,99,4.8,5.3,216,R,0,0,0,1,0,0,0
"Original Kings of Comedy, The",2000,115,3,6.1,1386,R,0,0,1,0,1,0,0
Original Sin,2001,116,26,5.5,4592,R,0,0,0,1,0,1,0
Osama,2003,83,0.046,7.5,1546,PG-13,0,0,0,1,0,0,0
Osmosis Jones,2001,95,75,6.2,3410,PG,0,1,1,0,0,0,0
Othello,1995,123,11,6.8,1852,R,0,0,0,1,0,0,0
"Other Side of Heaven, The",2001,113,7,6.5,683,PG,0,0,0,1,0,0,0
"Others, The",2001,104,17,7.8,36914,PG-13,0,0,0,1,0,0,0
"Otra conquista, La",1998,106,3.5,6.7,140,R,0,0,0,1,0,0,0
Out Cold,2001,92,11,5.2,1990,PG-13,0,0,1,0,0,0,0
Out for a Kill,2003,88,20,3,818,R,1,0,0,0,0,0,0
Out of Reach,2004,88,20,3.7,399,R,1,0,0,1,0,1,0
Out-of-Sync,1995,105,1.5,4.7,37,R,0,0,0,1,0,0,0
"Out-of-Towners, The",1999,90,40,5,2919,PG-13,0,0,1,0,0,0,0
Outbreak,1995,127,50,6.4,13796,R,0,0,0,1,0,0,0
Outside Providence,1999,96,7,6.1,2735,R,0,0,1,1,0,1,0
"Outsiders, The",1983,91,10,6.8,7125,PG-13,0,0,0,1,0,0,0
Overnight Delivery,1998,87,12,5.9,1229,PG-13,0,0,1,0,0,1,0
Owning Mahowny,2003,104,10,7,1999,R,0,0,0,1,0,0,0
P.S. Your Cat Is Dead,2002,88,2,4.7,185,R,0,0,1,0,0,0,0
"Pacifier, The",2005,95,56,4.9,2179,PG,1,0,1,0,0,0,0
"Packing Suburbia, A",1999,90,0.04,4.5,38,R,0,0,0,1,0,0,0
Paint Your Wagon,1969,158,20,6.5,2011,PG-13,0,0,1,0,0,0,0
Pandaemonium,2000,124,15,6.2,244,PG-13,0,0,0,1,0,0,0
Panic,2000,88,1,6.9,2524,R,0,0,1,1,0,0,0
Panic Room,2002,113,48,7,24302,R,0,0,0,1,0,0,0
Paparazzi,2004,84,20,5.6,2028,PG-13,0,0,0,1,0,0,0
Party Monster,2003,98,5,5.8,1976,R,0,0,0,1,0,0,0
"Passion of the Christ, The",2004,127,30,7.4,34046,R,0,0,0,1,0,0,0
Pat Garrett and Billy the Kid,1973,122,4.638783,6.9,1469,R,0,0,0,0,0,0,0
Patch Adams,1998,115,50,6.1,12110,PG-13,0,0,1,1,0,0,0
"Patriot, The",2000,164,110,6.8,29665,R,1,0,0,1,0,0,0
Pavilion of Women,2001,111,5,5.3,209,R,0,0,0,1,0,0,0
Pay It Forward,2000,123,40,6.7,13531,PG-13,0,0,0,1,0,1,0
Payback,1999,100,50,6.8,18252,R,0,0,0,0,0,0,0
Paycheck,2003,119,60,6.1,10383,PG-13,1,0,0,0,0,0,0
"Peacekeeper, The",1997,98,10,4.6,505,R,1,0,0,0,0,0,0
"Peacemaker, The",1997,124,50,5.9,8994,R,1,0,0,0,0,0,0
Pearl Harbor,2001,184,135.25,5.4,33409,R,1,0,0,1,0,1,0
Pecker,1998,87,6,6.4,4013,R,0,0,1,0,0,0,0
Pep Squad,1998,94,0.5,4.4,120,R,0,0,1,0,0,0,0
"Perez Family, The",1995,113,11,6,517,R,0,0,1,1,0,1,0
"Perfect Storm, The",2000,130,120,6.2,24946,PG-13,1,0,0,1,0,0,0
Perfect Target,1997,89,3.5,4.2,55,R,1,0,0,0,0,0,0
"Pest, The",1997,84,17,3.8,1405,PG-13,0,0,1,0,0,0,0
Peter Pan,2003,113,100,7.2,5596,PG,1,0,0,0,0,0,0
Phantasm IV: Oblivion,1998,90,0.65,4.5,492,R,0,0,0,0,0,0,0
"Phantom of the Opera, The",2004,143,60,7.2,11283,PG-13,0,0,0,1,0,1,0
"Phantom, The",1996,100,45,5,3329,PG,1,0,0,0,0,0,0
Phenomenon,1996,123,32,6.3,12075,PG,0,0,0,1,0,1,0
Phone Booth,2002,81,10,7.3,21075,R,0,0,0,0,0,0,0
Pi,1998,84,0.06,7.5,19431,R,0,0,0,0,0,0,0
"Pianist, The",2002,150,35,8.5,30467,R,0,0,0,1,0,0,0
Picture Perfect,1997,105,19,5.6,3019,PG-13,0,0,1,0,0,1,0
Pieces of April,2003,80,0.3,7.3,4604,PG-13,0,0,1,1,0,0,0
Pink Flamingos,1972,108,0.012,6.1,2029,NC-17,0,0,1,0,0,0,0
Pirates of the Caribbean: The Curse of the Black Pearl,2003,143,125,8,60812,PG-13,1,0,1,0,0,0,0
Pitch Black,2000,112,23,6.7,18522,R,0,0,0,0,0,0,0
Planet of the Apes,2001,119,100,5.6,28601,PG-13,1,0,0,0,0,0,0
Play It to the Bone,1999,124,24,5.1,2645,R,0,0,1,1,0,0,0
Playing by Heart,1998,121,14,7.1,4958,R,0,0,0,1,0,1,0
Pleasantville,1998,124,40,7.5,22561,PG-13,0,0,1,1,0,0,0
"Pledge, The",2001,123,45,6.9,9852,R,0,0,0,1,0,0,0
"Point Men, The",2001,88,6.1,4.6,266,R,1,0,0,0,0,0,0
Pollock,2000,132,6,7.1,4013,R,0,0,0,1,0,0,0
Poolhall Junkies,2002,94,4,6.6,1411,R,0,0,0,1,0,0,0
Pootie Tang,2001,70,3,4.1,1921,PG-13,1,0,1,0,0,0,0
Possums,1998,97,1.4,5.3,66,PG,0,0,1,1,0,0,0
"Postino, Il",1994,108,3,7.6,8342,PG,0,0,1,1,0,1,0
"Powerpuff Girls, The",2002,73,10,6.2,1334,PG,1,1,1,0,0,0,0
Practical Magic,1998,103,60,5.4,7786,PG-13,0,0,0,1,0,1,0
Price of Glory,2000,118,10,6.2,265,PG-13,0,0,0,1,0,0,0
Primal Fear,1996,129,30,7.5,12467,R,0,0,0,1,0,0,0
Primary Colors,1998,143,65,6.8,7756,R,0,0,1,1,0,0,0
Primer,2004,77,0.007,6.4,1466,PG-13,0,0,0,1,0,0,0
"Prince of Egypt, The",1998,99,60,6.9,9212,PG,0,1,0,1,0,0,0
Private Parts,1997,109,20,6.6,9289,R,0,0,1,1,0,0,0
Progeny,1998,99,2.5,4.2,291,R,0,0,0,0,0,0,0
Proof of Life,2000,135,65,6.3,9592,R,1,0,0,1,0,0,0
"Prophecy, The",1995,98,8,6.4,4148,R,0,0,0,0,0,0,0
Proximity,2001,98,6,4.9,189,R,0,0,0,0,0,0,0
Prozac Nation,2001,99,9,6.2,940,R,0,0,0,1,0,0,0
Psycho,1998,105,20,5,7255,R,0,0,0,0,0,0,0
Pulp Fiction,1994,168,8,8.8,132745,R,0,0,0,1,0,0,0
Punch-Drunk Love,2002,95,25,7.5,18169,R,0,0,1,1,0,1,0
"Punisher, The",2004,124,33,6.2,9989,R,1,0,0,0,0,0,0
Pushing Tin,1999,119,33,5.9,7528,R,0,0,1,1,0,0,0
Queen of the Damned,2002,104,35,4.7,6999,R,0,0,0,0,0,0,0
Queen's Messenger II,2001,90,4,6,27,R,1,0,0,0,0,0,0
"Quiet American, The",2002,101,30,7.4,5957,R,0,0,0,1,0,1,0
"R.M., The",2003,101,0.5,5.3,213,PG,0,0,1,0,0,0,0
Rabbit-Proof Fence,2002,94,6,7.7,5079,PG,0,0,0,1,0,0,0
Rachel's Attic,2002,112,0.083,2.4,58,R,1,0,0,1,0,0,0
Radio,2003,109,35,6.9,3594,PG,0,0,0,1,0,0,0
"Rage: Carrie 2, The",1999,104,21,4.4,3280,R,0,0,0,0,0,0,0
"Rainbow Thief, The",1990,87,10,6,49,R,0,0,0,1,0,0,0
"Rainmaker, The",1997,135,40,6.8,8620,PG-13,0,0,0,1,0,0,0
Raise Your Voice,2004,103,15,4.3,1626,PG,0,0,0,1,0,1,0
Raising Victor Vargas,2002,88,0.8,6.7,1785,R,0,0,1,1,0,1,0
Raising the Stakes,1999,88,0.1,4.7,24,R,0,0,0,1,0,1,0
Rancid Aluminium,2000,88,12,3.5,352,R,0,0,0,1,0,0,0
Random Hearts,1999,133,64,4.8,5919,R,0,0,0,1,0,1,0
Ransom,1996,139,80,6.6,17678,R,1,0,0,1,0,0,0
Rare Birds,2001,99,5,6.4,471,R,0,0,1,1,0,0,0
Rat Race,2001,112,48,6.5,13913,PG-13,0,0,1,0,0,0,0
Ravenous,1999,108,12,6.7,5915,R,0,0,1,1,0,0,0
"Real Cancun, The",2003,96,8,2.8,1504,R,0,0,0,0,1,0,0
Real Women Have Curves,2002,87,3,7,1944,PG-13,0,0,1,1,0,0,0
Rebel Without a Cause,1955,111,1.5,7.8,11055,PG-13,0,0,0,1,0,0,0
"Red Baron, The",1971,97,0.9,4.9,120,PG-13,1,0,0,1,0,0,0
Red Dragon,2002,124,90,7.3,21089,R,0,0,0,0,0,0,0
Red Planet,2000,106,75,5.3,8623,PG-13,1,0,0,0,0,0,0
Reign of Fire,2002,101,95,5.8,11452,PG-13,1,0,0,0,0,0,0
Reindeer Games,2000,124,36,5.5,7120,R,1,0,0,1,0,0,0
"Relic, The",1997,110,40,5.3,5102,R,0,0,0,0,0,0,0
Remember the Titans,2000,113,30,7.4,14195,PG,0,0,0,1,0,0,0
"Replacement Killers, The",1998,87,30,5.8,6825,R,1,0,0,0,0,0,0
"Replacements, The",2000,114,50,6.2,7617,PG-13,0,0,1,0,0,0,0
Repli-Kate,2002,121,4,5.6,791,R,0,0,1,0,0,0,0
Requiem for a Dream,2000,102,4.5,8.4,47845,R,0,0,0,1,0,0,0
Reservoir Dogs,1992,99,1.2,8.3,69240,R,0,0,0,0,0,0,0
Resident Evil,2002,100,35,6.2,18978,R,1,0,0,0,0,0,0
Resident Evil: Apocalypse,2004,94,50,5.6,10486,R,1,0,0,0,0,0,0
Restoration,1995,117,18,6.6,1874,R,0,0,0,1,0,0,0
Resurrection Man,1998,102,4,4.6,214,R,0,0,0,1,0,0,0
"Return of Dracula, The",1958,77,0.125,4.6,61,PG,0,0,0,0,0,0,0
Return to Me,2000,115,24,6.9,5057,PG,0,0,1,1,0,1,0
Revelation,1999,98,5,4.5,203,PG-13,1,0,0,1,0,0,0
Riders,2002,83,15,5.1,922,R,1,0,0,0,0,0,0
Riding in Cars with Boys,2001,132,48,6.2,4627,PG-13,0,0,1,1,0,0,0
Riding the Bullet,2004,98,5,5.2,438,R,0,0,0,0,0,0,0
"Ring, The",2002,115,45,7.4,30687,PG-13,0,0,0,1,0,0,0
Ripley's Game,2002,112,30,6.6,2680,R,0,0,0,1,0,0,0
Road Trip,2000,94,15.6,6.3,15981,R,0,0,1,0,0,0,0
"Road to El Dorado, The",2000,89,95,6.3,2838,PG,1,1,1,0,0,0,0
Road to Perdition,2002,117,80,7.7,30526,R,0,0,0,1,0,0,0
Rob Roy,1995,133,28,6.8,6652,R,1,0,0,1,0,1,0
Robots,2005,91,75,6.4,4089,PG,0,1,1,0,0,0,0
Rock 'n' Roll Frankenstein,1999,88,0.25,4.3,66,R,0,0,1,0,0,0,0
Rock Star,2001,105,38,5.8,5100,R,0,0,1,1,0,0,0
"Rock, The",1996,136,75,7,46184,R,1,0,0,1,0,0,0
Rollerball,2002,97,70,2.8,5328,R,1,0,0,0,0,0,0
Romeo + Juliet,1996,120,14.5,6.7,22306,PG-13,1,0,0,1,0,1,0
Romeo Must Die,2000,115,25,5.8,10229,R,1,0,0,1,0,0,0
Ronin,1998,121,55,7,21982,R,1,0,0,0,0,0,0
"Room, The",2003,99,6,2.7,81,R,0,0,1,1,0,1,0
Rosewood,1997,140,31,6.8,1840,R,1,0,0,1,0,0,0
Rounders,1998,121,12,7.2,13621,R,0,0,0,1,0,0,0
Route 666,2001,86,2.3,4,487,R,1,0,0,0,0,0,0
"Royal Tenenbaums, The",2001,111,21,7.6,31227,R,0,0,1,1,0,0,0
Rugrats Go Wild!,2003,81,25,4.8,423,PG,0,1,1,0,0,0,0
"Rules of Attraction, The",2002,110,4,6.7,8552,R,0,0,1,1,0,1,0
Rules of Engagement,2000,128,60,6.3,7903,R,0,0,0,1,0,0,0
Rumpelstiltskin,1996,87,3,3,265,R,0,0,0,0,0,0,0
Runaway Bride,1999,116,70,5.4,12624,PG,0,0,1,0,0,1,0
Runaway Jury,2003,127,60,7.1,10761,PG-13,0,0,0,1,0,0,0
"Rundown, The",2003,104,85,6.5,8067,PG-13,1,0,1,0,0,0,0
Rush Hour,1998,93,35,6.7,18336,PG-13,1,0,1,0,0,0,0
Rush Hour 2,2001,86,90,6.5,16581,PG-13,1,0,1,0,0,0,0
Rushmore,1998,93,10,7.7,22209,R,0,0,1,1,0,1,0
Ryan's Daughter,1970,202,15,7.4,965,R,0,0,0,1,0,1,0
S.W.A.T.,2003,117,80,5.9,12732,PG-13,1,0,0,0,0,0,0
Sabrina,1995,127,58,6.1,7547,PG,0,0,1,1,0,1,0
Safe Men,1998,88,1,6.1,590,R,0,0,1,0,0,0,0
Sahara,2005,124,130,5.8,3004,PG-13,1,0,1,0,0,0,0
"Saint, The",1997,116,70,5.7,12591,PG-13,1,0,0,0,0,1,0
Saints and Soldiers,2003,90,0.78,6.9,689,PG-13,1,0,0,1,0,0,0
"Salton Sea, The",2002,107,18,7.2,5070,R,0,0,0,1,0,0,0
Samsara,2001,138,3,7.6,636,R,1,0,0,1,0,1,0
"Sand Pebbles, The",1966,193,12,7.6,1773,PG-13,0,0,0,1,0,1,0
Sangre eterna,2002,108,0.025,4.6,148,R,0,0,0,0,0,0,0
Santa sangre,1989,123,0.787,7.2,1165,R,0,0,0,1,0,0,0
Saturn,1999,94,0.35,5.5,43,R,0,0,0,1,0,0,0
Savage,1995,99,5,4.1,93,R,1,0,0,0,0,0,0
Save the Last Dance,2001,112,13,6.1,7613,PG-13,0,0,0,1,0,1,0
Saved!,2004,92,5,7.1,6504,PG-13,0,0,1,1,0,0,0
Saving Private Ryan,1998,170,70,8.3,100267,R,1,0,0,1,0,0,0
Saving Silverman,2001,96,22,5.4,6684,R,0,0,1,0,0,1,0
Savior,1998,104,10,7.2,1775,R,0,0,0,1,0,0,0
Saw,2004,100,1.2,7.5,17191,R,0,0,0,0,0,0,0
Say It Isn't So,2001,93,25,4.6,3144,R,0,0,1,0,0,1,0
"Scarlet Letter, The",1995,135,50,4.4,2426,R,0,0,0,1,0,1,0
Scary Movie,2000,88,19,5.5,23293,R,0,0,1,0,0,0,0
Scary Movie 2,2001,83,45,4.2,12035,R,0,0,1,0,0,0,0
Scary Movie 3,2003,84,45,5.3,9225,PG-13,0,0,1,0,0,0,0
Schindler's List,1993,195,25,8.8,97667,R,0,0,0,1,0,0,0
"School of Rock, The",2003,108,20,7.4,16452,PG-13,0,0,1,0,0,0,0
Scooby-Doo,2002,86,84,4.8,9618,PG,0,0,1,0,0,0,0
"Score, The",2001,124,68,6.8,16106,R,0,0,0,1,0,0,0
"Scorpion King, The",2002,92,60,5.3,10111,PG-13,1,0,0,0,0,0,0
Scream,1996,111,15,7,43652,R,0,0,0,0,0,0,0
Scream 2,1997,120,24,5.9,21533,R,0,0,0,0,0,0,0
Scream 3,2000,116,40,5.4,15403,R,0,0,0,0,0,0,0
Screamers,1995,108,11,5.6,2725,R,0,0,0,0,0,0,0
Screwed,2000,78,10,4.8,1592,PG-13,0,0,1,0,0,0,0
Se7en,1995,127,30,8.4,88371,R,0,0,0,1,0,0,0
Sea Ghost,2004,90,1.5,3.7,10,R,0,0,0,0,0,0,0
Seabiscuit,2003,141,86,7.5,11552,PG-13,0,0,0,1,0,0,0
Search and Destroy,1995,90,4,5,402,R,0,0,1,1,0,0,0
Searching for Debra Winger,2002,97,0.6,5.6,301,R,0,0,0,0,1,0,0
Secondhand Lions,2003,120,30,7.4,5543,PG,0,0,1,1,0,0,0
"Secret Kingdom, The",1998,90,0.8,3.9,47,PG,0,0,0,0,0,0,0
Secret Window,2004,96,40,6.3,13260,PG-13,0,0,0,1,0,0,0
Secrets & Lies,1996,136,4.5,7.9,7747,R,0,0,1,1,0,0,0
See Spot Run,2001,94,16,5,1193,PG,0,0,1,0,0,0,0
Seed of Chucky,2004,87,12,5.1,1342,R,0,0,1,0,0,0,0
Selena,1997,127,20,6.1,2870,PG,0,0,0,1,0,0,0
Sense and Sensibility,1995,136,16.5,7.7,13904,PG,0,0,1,1,0,1,0
Serendipity,2001,90,28,6.6,10795,PG-13,0,0,1,0,0,1,0
Serial Mom,1994,95,13,6.3,4750,R,0,0,1,0,0,0,0
"Serpent's Kiss, The",1997,104,13,5.3,368,R,0,0,0,1,0,0,0
Serpent's Lair,1995,90,4,4.1,118,R,0,0,0,0,0,0,0
Serving Sara,2002,99,29,4.6,2990,PG-13,0,0,1,0,0,1,0
Session 9,2001,97,1.5,6.6,3718,R,0,0,0,1,0,0,0
Set It Off,1996,123,9,6.1,1619,R,1,0,0,1,0,0,0
Seven Years in Tibet,1997,139,70,6.6,9426,PG-13,0,0,0,1,0,0,0
Sgt. Bilko,1996,93,39,5.1,3712,PG,0,0,1,0,0,0,0
Shade,2003,101,6.8,6.5,1616,R,0,0,0,1,0,0,0
Shadow Conspiracy,1997,103,45,4.5,1078,R,1,0,0,0,0,0,0
Shaft,2000,99,46,6,13742,R,1,0,0,0,0,0,0
Shakes the Clown,1992,87,1.4,5.5,838,R,0,0,1,0,0,0,0
Shakespeare in Love,1998,122,25,7.5,41999,R,0,0,1,1,0,1,0
Shall We Dance,2004,106,40,6,3479,PG-13,0,0,1,1,0,1,0
Shallow Grave,1994,93,2.5,7.4,9401,R,0,0,0,1,0,0,0
Shallow Hal,2001,113,40,6.1,13217,PG-13,0,0,1,1,0,1,0
Shanghai Knights,2003,114,50,6.3,7279,PG-13,1,0,1,0,0,0,0
Shanghai Noon,2000,110,55,6.7,12258,PG-13,1,0,1,0,0,0,0
"Shape of Things, The",2003,96,4,6.9,1816,R,0,0,0,1,0,0,0
Shark Tale,2004,90,75,5.9,7819,PG,1,1,1,0,0,0,0
Shattered Glass,2003,95,6,7.5,4108,PG-13,0,0,0,1,0,0,0
Shaun of the Dead,2004,99,4,7.9,18685,R,0,0,1,0,0,0,0
"Shawshank Redemption, The",1994,142,25,9.1,149494,R,0,0,0,1,0,0,0
She's All That,1999,95,10,5.5,13070,PG-13,0,0,1,0,0,1,0
She's So Lovely,1997,100,18,5.7,2280,R,0,0,1,1,0,1,0
She's the One,1996,96,3.5,6,3779,R,0,0,1,0,0,1,0
Shelter Island,2003,82,5,3.9,191,R,0,0,0,0,0,0,0
Shine,1996,105,5.5,7.6,12425,PG-13,0,0,0,1,0,1,0
"Shipping News, The",2001,111,35,6.9,7695,R,0,0,0,1,0,1,0
Shooting Fish,1997,103,3,6.6,2701,PG,0,0,1,0,0,1,0
Shopping for Fangs,1997,90,0.1,7.6,44,R,0,0,0,0,0,0,0
"Shot at Glory, A",2000,114,9,6.3,286,R,0,0,0,1,0,0,0
Showgirls,1995,131,45,3.8,11483,NC-17,0,0,0,1,0,0,0
Showtime,2002,96,85,5.5,7689,PG-13,1,0,1,0,0,0,0
Shrek,2001,90,60,8,65146,PG,0,1,1,0,0,1,0
Shrek 2,2004,92,75,7.8,27236,PG,0,1,1,0,0,0,0
"Shrink Is In, The",2001,87,6,4.9,319,R,0,0,1,0,0,1,0
Shutter,2001,24,0.015,3.5,12,R,0,0,0,0,0,0,1
Sidewalks of New York,2001,108,1,6.5,1998,R,0,0,1,0,0,1,0
Sideways,2004,123,16,8,17051,R,0,0,1,1,0,0,0
"Siege, The",1998,116,70,5.9,9725,R,1,0,0,1,0,0,0
Signs,2002,108,72,7.1,40285,PG-13,0,0,0,1,0,0,0
Silent Trigger,1996,90,15,4.7,432,R,1,0,0,1,0,0,0
Simon Birch,1998,113,20,6.8,4612,PG,0,0,1,1,0,0,0
"Simple Plan, A",1998,121,17,7.6,15398,R,0,0,0,1,0,0,0
"Simple Wish, A",1997,89,28,5,423,PG,0,0,1,0,0,0,0
Simply Irresistible,1999,94,6,4.7,3083,PG-13,0,0,1,0,0,1,0
Sin City,2005,124,45.5,8.3,23473,R,1,0,0,0,0,0,0
Sinbad: Legend of the Seven Seas,2003,86,60,6.5,2340,PG,0,1,0,0,0,0,0
"Singing Detective, The",2003,109,10,5.3,1184,R,0,0,1,1,0,0,0
"Singles Ward, The",2002,102,0.5,5.7,291,PG,0,0,1,1,0,1,0
Siunin Wong Fei-hung tsi titmalau,1993,90,2,7.4,3173,PG-13,1,0,1,0,0,0,0
Six-String Samurai,1998,91,2,6.2,1163,PG-13,1,0,0,0,0,0,0
"Sixth Sense, The",1999,107,55,8.2,96987,PG-13,0,0,0,1,0,0,0
Skeletons in the Closet,2000,86,1.5,5.4,239,R,0,0,0,1,0,0,0
Skin Deep,2003,89,0.4,3.8,31,R,1,0,1,1,0,0,0
"Skulls, The",2000,106,15,5.3,6530,PG-13,0,0,0,1,0,0,0
Sky Captain and the World of Tomorrow,2004,106,40,6.5,12579,PG,1,0,0,0,0,0,0
Slackers,2002,86,11,4.7,2755,R,0,0,1,0,0,0,0
Slam,1998,100,1,7.1,569,R,0,0,0,1,0,0,0
Slap Her... She's French,2002,92,10,4.7,811,PG-13,0,0,1,0,0,0,0
Slashers,2001,97,0.165,5.2,213,R,0,0,0,0,0,0,0
"Slaughter Rule, The",2002,112,0.5,6,356,R,0,0,0,1,0,0,0
Sleepers,1996,147,44,7,17896,R,0,0,0,1,0,0,0
"Sleeping Dictionary, The",2003,109,12,6.1,696,R,0,0,0,1,0,1,0
Sleepover,2004,89,10,4.1,733,PG,0,0,1,0,0,0,0
Sleepy Hollow,1999,105,65,7.4,38857,R,0,0,0,0,0,0,0
Slums of Beverly Hills,1998,92,5,6.4,2914,R,0,0,1,1,0,0,0
Small Soldiers,1998,110,40,5.8,6938,PG-13,1,0,1,0,0,0,0
Small Time Crooks,2000,94,18,6.5,6218,PG,0,0,1,0,0,1,0
"Smile Like Yours, A",1997,98,18,4.5,348,R,0,0,1,0,0,1,0
Smilla's Sense of Snow,1997,120,35,6.3,3722,R,1,0,0,1,0,0,0
Smoke,1995,112,7,7.4,8111,R,0,0,1,1,0,0,0
Smoke Signals,1998,88,2,7.2,2665,PG-13,0,0,1,1,0,0,0
Snake Eyes,1998,98,73,5.7,12091,R,0,0,0,0,0,0,0
Snatch.,2000,102,10,7.9,44785,R,0,0,1,0,0,0,0
Snitch,1998,90,11,6.2,412,R,1,0,0,1,0,0,0
Snow Day,2000,89,13,4.6,1645,PG,0,0,1,0,0,1,0
Snow Dogs,2002,99,35,5.1,2379,PG,0,0,1,0,0,0,0
Snow Falling on Cedars,1999,127,36,6.7,4536,PG-13,0,0,0,1,0,0,0
Soho Square,2000,79,0.007,4.9,45,R,0,0,0,1,0,0,0
Sol Goode,2001,99,3,5.4,291,R,0,0,1,0,0,0,0
Solaris,2002,99,47,6.3,11808,PG-13,0,0,0,1,0,1,0
Soldier,1998,98,75,5.2,5590,R,1,0,0,0,0,0,0
Solitaire for 2,1995,106,1.5,4.8,122,R,0,0,1,0,0,1,0
Someone Like You...,2001,97,23,5.7,4249,PG-13,0,0,1,0,0,1,0
Sometimes They Come Back... Again,1996,98,3,2.9,630,R,0,0,0,0,0,0,0
Sometimes They Come Back... for More,1999,89,2,2.8,321,R,0,0,0,0,0,0,0
Son of the Mask,2005,94,74,1.9,1785,PG,1,0,1,0,0,0,0
Songcatcher,2000,109,1.8,7.2,927,PG-13,0,0,0,1,0,0,0
Sons of Provo,2004,93,0.2,4.3,35,PG,0,0,1,0,0,0,0
Sorority Boys,2002,93,12,5.1,2398,R,0,0,1,0,0,0,0
Soul Assassin,2001,96,7,4,376,R,1,0,0,0,0,0,0
Soul Food,1997,114,7.5,6.5,1166,R,0,0,1,1,0,0,0
Soul Plane,2004,92,16,3.2,2361,R,0,0,1,0,0,0,0
Soul Survivors,2001,84,14,3.6,2305,R,0,0,0,0,0,0,0
South Park: Bigger Longer & Uncut,1999,81,21,7.6,33188,R,0,1,1,0,0,0,0
Space Jam,1996,87,80,5.2,7995,PG,0,1,1,0,0,0,0
Space Truckers,1996,95,25,4.5,1460,PG-13,0,0,1,0,0,0,0
Spanglish,2004,130,80,6.7,4698,PG-13,0,0,1,1,0,1,0
Spanish Judges,1999,98,3.5,4.8,178,R,0,0,0,1,0,0,0
Spawn,1997,98,40,4.6,7523,PG-13,1,0,0,0,0,0,0
Species,1995,108,35,5.4,8963,R,1,0,0,1,0,0,0
Speed,1994,116,28,7.1,32979,R,1,0,0,0,0,0,0
Speed 2: Cruise Control,1997,121,110,3.3,13268,PG-13,1,0,0,0,0,1,0
Speedway Junky,1999,105,1,5.3,469,R,0,0,0,1,0,0,0
Sphere,1998,134,80,5.3,12990,PG-13,0,0,0,0,0,0,0
Spice World,1997,93,25,3,7710,PG,0,0,1,0,0,0,0
Spider,2002,94,8,6.8,5193,R,0,0,0,1,0,0,0
Spider-Man,2002,121,139,7.4,63228,PG-13,1,0,0,0,0,0,0
Spider-Man 2,2004,127,200,7.9,40256,PG-13,1,0,0,0,0,0,0
Spiders,2000,95,2,3.2,511,R,0,0,0,0,0,0,0
"SpongeBob SquarePants Movie, The",2004,90,30,6.5,2672,PG,0,1,1,0,0,0,0
Spring Forward,1999,110,2,7.1,307,R,0,0,0,1,0,0,0
Spun,2002,106,2.8,6.2,3924,R,0,0,1,1,0,0,0
Spy Game,2001,126,92,7,16736,R,1,0,0,1,0,0,0
Spy Hard,1996,81,18,4.5,4686,PG-13,1,0,1,0,0,0,0
Spy Kids 2: Island of Lost Dreams,2002,99,39,5.8,3175,PG,1,0,1,0,0,0,0
Spy Kids 3-D: Game Over,2003,84,39,4.7,2597,PG,1,0,1,0,0,0,0
"Stand-In, The",1999,100,0.4,5.6,42,PG,0,0,0,1,0,0,0
Star Kid,1997,101,12,5,269,PG,0,0,0,0,0,0,0
Star Trek: First Contact,1996,106,45,7.3,25046,PG-13,1,0,0,0,0,0,0
Star Trek: Insurrection,1998,103,58,6.3,13395,PG,1,0,0,1,0,1,0
Star Trek: Nemesis,2002,116,70,6.5,11785,PG-13,1,0,0,1,0,0,0
Star Trek: The Motion Picture,1979,143,35,5.8,10752,PG,0,0,0,0,0,0,0
Star Trek: The Wrath of Khan,1982,116,11,7.6,16333,PG,1,0,0,0,0,0,0
Star Wars,1977,125,11,8.8,134640,PG,1,0,0,0,0,0,0
Star Wars: Episode I - The Phantom Menace,1999,133,115,6.4,84488,PG,1,0,0,0,0,0,0
Star Wars: Episode II - Attack of the Clones,2002,120,120,7,63889,PG,1,0,0,0,0,0,0
Star Wars: Episode V - The Empire Strikes Back,1980,129,18,8.8,103706,PG,1,0,0,0,0,0,0
Star Wars: Episode VI - Return of the Jedi,1983,135,32.5,8.1,82471,PG,1,0,0,0,0,0,0
Stark Raving Mad,2002,102,5,6.2,601,R,0,0,1,0,0,0,0
Starkweather,2004,92,1,4.6,89,R,0,0,0,1,0,0,0
Starship Troopers,1997,129,95,6.7,32618,R,1,0,0,0,0,0,0
Starsky & Hutch,2004,101,60,6.3,13529,PG-13,1,0,1,0,0,0,0
"Statement, The",2003,120,23,6.1,710,R,0,0,0,1,0,0,0
Stateside,2004,97,16,5.4,247,R,0,0,0,1,0,0,0
"Station Agent, The",2003,88,0.5,8.1,7112,R,0,0,0,1,0,0,0
Steal Big Steal Little,1995,135,35,4.6,263,PG-13,0,0,1,0,0,0,0
Stealing Harvard,2002,82,25,4.7,2547,PG-13,0,0,1,1,0,0,0
Steamboy,2004,126,20,6.6,529,PG-13,1,1,0,1,0,0,0
Steel,1997,97,16,2.6,1607,PG-13,1,0,0,0,0,0,0
"Stepford Wives, The",2004,93,90,5.3,7773,PG-13,0,0,1,1,0,0,0
Stepmom,1998,124,50,6.1,7470,PG-13,0,0,1,1,0,0,0
Stigmata,1999,103,32,6,14062,R,0,0,0,1,0,0,0
Stir of Echoes,1999,99,13,7,11433,R,0,0,0,0,0,0,0
Stolen Summer,2002,91,1.5,6.2,801,PG,0,0,0,1,0,0,0
"Story of Us, The",1999,95,50,5.6,4953,R,0,0,1,1,0,1,0
Strange Days,1995,145,42,6.9,11869,R,1,0,0,1,0,0,0
Strangeland,1998,92,2,4.4,1179,R,0,0,0,0,0,0,0
Strangers on a Train,1951,103,1.2,8.3,10624,PG,0,0,0,1,0,0,0
Stripes,1981,106,10,6.8,7406,R,0,0,1,0,0,0,0
Striptease,1996,117,50,3.8,7998,R,0,0,1,1,0,0,0
Stuart Little,1999,81,103,6,8009,PG,0,0,1,0,0,0,0
Stuart Little 2,2002,82,120,5.9,2324,PG,0,0,1,0,0,0,0
Sugar & Spice,2001,84,11,5.3,2901,PG-13,0,0,1,0,0,0,0
Sugar Town,1999,92,0.25,5.8,307,R,0,0,1,0,0,0,0
Suicide Kings,1997,106,5,7,6117,R,0,0,1,1,0,0,0
"Sum of All Fears, The",2002,123,68,6.6,15835,PG-13,1,0,0,1,0,0,0
Summer Catch,2001,105,17,4.5,2581,PG-13,0,0,1,0,0,1,0
Summer of Sam,1999,142,22,6.5,8151,R,0,0,0,1,0,1,0
Sunshine State,2002,141,5.6,7,1481,PG-13,0,0,0,1,0,0,0
Super Size Me,2004,100,0.3,7.7,9487,PG-13,0,0,0,0,1,0,0
Super Troopers,2001,100,3,6.3,7728,R,0,0,1,0,0,0,0
Superman,1978,151,55,7.1,17327,PG,1,0,0,0,0,0,0
Superstar,1999,81,14,4.5,2880,PG-13,0,0,1,0,0,0,0
Surviving Picasso,1996,125,16,6.1,1139,R,0,0,0,1,0,1,0
Suspect Zero,2004,99,27,5.7,1310,R,0,0,0,1,0,0,0
Sweepers,1999,93,12.5,3.9,276,R,1,0,0,0,0,0,0
Sweet Home Alabama,2002,108,38,5.8,9943,PG-13,0,0,1,1,0,1,0
Sweet November,2001,115,40,5.5,5458,PG-13,0,0,1,1,0,1,0
"Sweetest Thing, The",2002,90,43,4.7,8284,R,0,0,1,0,0,1,0
Swept Away,2002,89,10,3.8,2113,R,0,0,1,0,0,1,0
Swimfan,2002,85,8.5,4.5,3863,PG-13,0,0,0,1,0,0,0
Swimming with Sharks,1994,101,0.7,7.1,4837,R,0,0,1,1,0,0,0
Swingers,1996,96,0.2,7.6,15827,R,0,0,1,1,0,0,0
Swiri,1999,125,5,6.6,1704,R,1,0,0,0,0,1,0
Switchback,1997,118,38,6.1,2195,R,1,0,0,0,0,0,0
Swordfish,2001,99,80,6.2,20455,R,1,0,0,0,0,0,0
THX 1138,1971,88,0.777,6.5,4274,R,0,0,0,1,0,0,0
Tadpole,2002,78,0.15,6.3,1769,PG-13,0,0,1,1,0,1,0
Taegukgi hwinalrimyeo,2004,140,12.8,8.5,1792,R,1,0,0,1,0,0,0
"Tailor of Panama, The",2001,109,18,6.1,5997,R,0,0,1,1,0,0,0
Tale of the Mummy,1998,119,8,3.7,570,R,0,0,0,0,0,0,0
"Talented Mr. Ripley, The",1999,139,40,7,25974,R,0,0,0,1,0,0,0
Tales from the Hood,1995,98,6,5.1,548,R,1,0,0,0,0,0,0
Tank Girl,1995,104,25,4.6,4400,R,1,0,1,0,0,0,0
Targets,1968,90,0.13,7.4,793,R,0,0,0,0,0,0,0
Tart,2001,94,3.3,4.6,714,R,0,0,0,1,0,0,0
Tarzan and the Lost City,1998,83,20,3.6,510,PG,1,0,0,0,0,0,0
"Taxman, The",1999,104,1,5.7,169,R,1,0,1,0,0,0,0
Tea with Mussolini,1999,117,12,6.7,2711,PG,0,0,1,1,0,0,0
Teacher's Pet,2004,74,10,5.6,218,PG,0,1,1,0,0,0,0
Teaching Mrs. Tingle,1999,96,13,5,5244,PG-13,0,0,1,0,0,0,0
Team America: World Police,2004,98,30,7.3,13104,R,1,0,1,0,0,0,0
Tears of the Sun,2003,121,70,6.2,8690,R,1,0,0,1,0,0,0
Ted Bundy,2002,99,1.2,5.2,852,R,0,0,0,1,0,0,0
"Terminal, The",2004,128,60,7.1,15809,PG-13,0,0,1,1,0,1,0
Terminator 2: Judgment Day,1991,154,100,8.2,77614,R,1,0,0,1,0,0,0
Terminator 3: Rise of the Machines,2003,109,175,6.9,32111,R,1,0,0,0,0,0,0
Terror Tract,2000,96,11,5.6,281,R,0,0,1,0,0,0,0
"Texas Chainsaw Massacre, The",2003,98,9.2,5.9,9587,R,1,0,0,0,0,0,0
Texas Rangers,2001,86,38,5.1,945,PG-13,0,0,0,1,0,0,0
Theodore Rex,1995,92,33,2.2,567,PG,0,0,1,0,0,0,0
There Goes My Baby,1994,110,10.5,6.1,253,R,0,0,1,1,0,0,0
There's Something About Mary,1998,134,23,7.2,46343,R,0,0,1,0,0,1,0
They,2002,89,17,4.4,2660,PG-13,0,0,0,0,0,0,0
"Thin Line Between Love and Hate, A",1996,108,8,4.4,458,R,0,0,1,0,0,1,0
"Thin Red Line, The",1998,170,52,7.2,25637,R,1,0,0,1,0,0,0
Things to Do in Denver When You're Dead,1995,115,8,6.6,5703,R,0,0,0,1,0,1,0
Thir13en Ghosts,2001,87,20,5.1,8292,R,0,0,1,0,0,0,0
Thirteen,2003,100,1.5,7.1,8652,R,0,0,0,1,0,0,0
Thirteen Conversations About One Thing,2001,104,3,7.2,2883,R,0,0,0,1,0,0,0
Thirteen Days,2000,145,80,7.4,10926,PG-13,0,0,0,1,0,0,0
"Thirteenth Floor, The",1999,100,16,6.4,7712,R,0,0,0,0,0,0,0
"Thomas Crown Affair, The",1999,113,48,6.7,17220,R,0,0,1,0,0,1,0
Three Kings,1999,114,48,7.3,31503,R,1,0,1,1,0,0,0
Three to Tango,1999,98,20,6,5719,PG-13,0,0,1,0,0,1,0
Thunderbirds,2004,95,57,4.4,1419,PG,1,0,1,0,0,0,0
Time Changer,2002,95,0.825,4.5,304,PG,0,0,0,1,0,0,0
"Time Machine, The",2002,96,80,5.5,12424,PG-13,1,0,0,0,0,0,0
"Time to Kill, A",1996,149,40,6.9,15577,R,0,0,0,1,0,0,0
Timecode,2000,97,4,6.2,2320,R,0,0,1,1,0,0,0
Timeline,2003,116,80,5.2,5803,PG-13,0,0,0,0,0,0,0
Tin Cup,1996,135,45,6.2,7521,R,0,0,1,1,0,1,0
Titan A.E.,2000,94,75,6.4,9373,PG,1,1,0,0,0,0,0
Titanic,1997,194,200,6.9,90195,PG-13,0,0,0,1,0,1,0
Tomcats,2001,95,11,4.7,3717,R,0,0,1,0,0,0,0
Tomorrow Never Dies,1997,119,110,6.4,19397,PG-13,1,0,0,0,0,0,0
Torque,2004,81,40,3.2,4050,PG-13,1,0,0,0,0,0,0
"Touch, The",2002,103,20,4.5,417,PG-13,1,0,0,0,0,1,0
Town & Country,2001,104,90,4.5,1434,R,0,0,1,0,0,0,0
Traffic,2000,147,48,7.8,41268,R,0,0,0,1,0,0,0
Training Day,2001,120,45,7.3,22776,R,0,0,0,1,0,0,0
Trainspotting,1996,94,3.5,8,51887,R,0,0,0,1,0,0,0
Trance,1998,94,4,3.9,392,R,0,0,0,0,0,0,0
Trapped,2002,106,30,6,3718,R,0,0,0,0,0,0,0
Treasure Planet,2002,95,140,6.6,3724,PG,0,1,0,1,0,0,0
Trees Lounge,1996,95,1.3,7.1,3155,R,0,0,1,1,0,0,0
Trekkies,1997,86,0.375,6.9,1526,PG,0,0,0,0,1,0,0
"Trigger Effect, The",1996,94,8,5.4,1591,R,1,0,0,1,0,0,0
Triggermen,2002,96,12,5.8,317,R,0,0,1,0,0,0,0
"Triplettes de Belleville, Les",2003,78,8,7.7,6618,PG-13,0,1,1,0,0,0,0
"Triumph of Love, The",2001,112,5,5.7,423,PG-13,0,0,1,0,0,1,0
Trois,2000,93,0.2,3.1,176,R,0,0,0,0,0,0,0
Trois 3: The Escort,2004,95,1,4.8,38,R,0,0,0,1,0,0,0
Tromeo and Juliet,1996,108,0.35,5.8,1030,R,0,0,1,1,0,0,0
Troy,2004,162,185,7.1,33979,R,1,0,0,1,0,1,0
"Truman Show, The",1998,103,60,7.7,62434,PG,0,0,1,1,0,0,0
Tuck Everlasting,2002,96,15,6.5,2055,PG,0,0,0,1,0,1,0
Tumbleweeds,1999,102,0.312,6.9,1146,PG-13,0,0,1,1,0,0,0
"Tuxedo, The",2002,98,60,5.1,6070,PG-13,1,0,1,0,0,0,0
Twelve Monkeys,1995,129,29,7.9,62301,R,0,0,0,1,0,0,0
Twin Falls Idaho,1999,111,0.5,7.1,1547,R,0,0,0,1,0,0,0
Twin Peaks: Fire Walk with Me,1992,135,10,6.5,6927,R,0,0,0,1,0,0,0
Twist,2003,97,0.35,6,197,R,0,0,0,1,0,0,0
Twister,1996,113,92,5.9,28315,PG-13,1,0,0,1,0,0,0
Two Can Play That Game,2001,93,6,5.8,843,R,0,0,1,0,0,1,0
Two Girls and a Guy,1997,84,1,5.6,2014,NC-17,0,0,1,1,0,0,0
Two Weeks Notice,2002,101,60,5.8,15010,PG-13,0,0,1,0,0,1,0
U Turn,1997,125,19,6.5,10306,R,0,0,0,1,0,0,0
U-571,2000,116,62,6.5,15792,PG-13,1,0,0,1,0,0,0
U.S. Marshals,1998,131,60,6.1,10315,PG-13,1,0,0,1,0,0,0
Ultimo tango a Parigi,1972,250,1.25,6.9,4007,NC-17,0,0,0,1,0,1,0
Unbreakable,2000,106,75,7.1,35842,PG-13,0,0,0,1,0,0,0
Uncle Sam,1997,89,2,3.3,488,R,0,0,0,0,0,0,0
Under Siege 2: Dark Territory,1995,99,60,4.9,5551,R,1,0,0,1,0,0,0
Under Suspicion,2000,111,25,6.4,3718,R,0,0,0,1,0,0,0
Under the Tuscan Sun,2003,113,18,6.7,4183,PG-13,0,0,1,1,0,1,0
Undercover Brother,2002,85,25,6,5138,PG-13,1,0,1,0,0,0,0
Undisputed,2002,96,20,5.6,1769,R,1,0,0,1,0,0,0
Unfaithful,2002,125,50,6.6,8713,R,0,0,0,1,0,0,0
Unforgettable,1996,117,18,5.7,940,R,0,0,0,0,0,0,0
Unmade Beds,1997,95,1,6.7,148,R,0,0,0,0,1,0,0
"Unsaid, The",2001,108,22,6.5,1084,R,0,0,0,0,0,0,0
Unstoppable,2004,96,15,4.8,579,R,1,0,1,1,0,0,0
"Untold, The",2002,92,3,3.8,400,R,1,0,0,0,0,0,0
Up Close & Personal,1996,124,60,5.7,3201,PG-13,0,0,0,1,0,1,0
"Upside of Anger, The",2005,118,13.2,7.2,1160,R,0,0,1,1,0,1,0
Urban Ghost Story,1998,82,0.3,5.3,167,R,0,0,0,1,0,0,0
Urban Legend,1998,99,14,5.1,8245,R,0,0,0,0,0,0,0
Urban Legends: Final Cut,2000,97,15,3.8,3280,R,0,0,0,0,0,0,0
Urbania,2000,106,0.225,6.9,1089,R,0,0,0,1,0,0,0
"Usual Suspects, The",1995,106,6,8.7,103854,R,0,0,0,0,0,0,0
Utomlyonnye solntsem,1994,132,2.8,7.6,2173,R,0,0,0,1,0,0,0
Valentine,2001,96,10,4.2,4779,R,0,0,0,0,0,0,0
Vampire in Brooklyn,1995,100,14,4.4,2716,R,0,0,1,0,0,1,0
Vampires,1998,106,20,5.6,7908,R,1,0,0,0,0,0,0
Van Helsing,2004,132,160,5.4,19787,PG-13,1,0,0,0,0,0,0
Van Wilder,2002,94,6,5.8,7799,R,0,0,1,0,0,0,0
Vanilla Sky,2001,136,68,6.9,31250,R,0,0,0,1,0,1,0
Vanity Fair,2004,141,23,6.1,2151,PG-13,0,0,0,1,0,1,0
Varsity Blues,1999,100,16,6,7974,R,0,0,0,1,0,0,0
Vatel,2000,125,36,6.4,1322,PG-13,0,0,0,1,0,1,0
"Vault, The",2005,87,0.1,2.4,64,PG-13,1,0,0,0,0,0,0
"Velocity of Gary, The",1998,100,4,4.7,570,R,0,0,1,0,0,1,0
Veronica Guerin,2003,92,17,6.8,2688,R,0,0,0,1,0,0,0
Vertical Limit,2000,124,75,5.6,10273,PG-13,1,0,0,0,0,0,0
Very Bad Things,1998,100,10,5.8,10001,R,0,0,1,0,0,0,0
"Very Brady Sequel, A",1996,90,15,5.3,2183,PG-13,0,0,1,0,0,0,0
Village of the Damned,1995,99,7,5.1,2585,R,0,0,0,0,0,0,0
"Village, The",2004,108,60,6.6,25729,PG-13,0,0,0,1,0,0,0
"Violon rouge, Le",1998,140,10,7.8,6995,R,0,0,0,1,0,1,0
"Virgin Suicides, The",1999,90,6,7.2,17524,R,0,0,0,1,0,0,0
Virtuosity,1995,106,30,5.3,4183,R,1,0,0,0,0,0,0
Volcano,1997,104,90,5.2,8627,PG-13,1,0,0,1,0,0,0
Vor,1997,110,2,7.2,841,R,0,0,0,1,0,0,0
Wag the Dog,1997,97,15,7,16434,R,0,0,1,0,0,0,0
Waiting for Guffman,1996,84,4,7.6,7337,R,0,0,1,0,0,0,0
Waiting to Exhale,1995,127,15,5.1,1611,R,0,0,1,1,0,0,0
Waking Ned,1998,92,3,7.3,7232,PG,0,0,1,0,0,0,0
"Walk in the Clouds, A",1995,102,20,6.2,4085,PG-13,0,0,0,1,0,1,0
"Walk on the Moon, A",1999,105,14,6.6,1815,R,0,0,0,1,0,1,0
"Walk to Remember, A",2002,101,11,6.8,7124,PG,0,0,0,1,0,1,0
Walking Across Egypt,1999,100,4.5,6.9,247,PG-13,0,0,0,1,0,0,0
Walking Tall,2004,87,56,5.9,4839,PG-13,1,0,0,1,0,0,0
Walking and Talking,1996,86,1,6.6,888,R,0,0,1,1,0,1,0
War and Peace,1956,208,6,6.6,795,PG,0,0,0,1,0,1,0
Warriors of Virtue,1997,101,35,3.6,389,PG,1,0,0,0,0,0,0
"Watcher, The",2000,97,33,5.2,5774,R,0,0,0,0,0,0,0
"Waterboy, The",1998,90,23,5.5,15539,PG-13,0,0,1,0,0,0,0
Waterworld,1995,176,175,5.4,19325,PG-13,1,0,0,1,0,0,0
"Way of the Gun, The",2000,120,9,6.5,7750,R,0,0,0,0,0,0,0
Way of the Vampire,2005,90,1,3,16,R,0,0,0,0,0,0,0
We Don't Live Here Anymore,2004,101,3,6.1,1387,R,0,0,0,1,0,0,0
We Were Soldiers,2002,143,75,7.1,14939,R,1,0,0,1,0,0,0
"Wedding Date, The",2005,90,15,5,953,PG-13,0,0,1,0,0,1,0
"Wedding Party, The",1969,92,0.043,5.2,94,R,0,0,1,0,0,0,0
"Wedding Planner, The",2001,103,35,4.9,7393,PG-13,0,0,1,0,0,1,0
"Weight of Water, The",2000,113,16,6,1742,R,0,0,0,0,0,0,0
Welcome to Collinwood,2002,86,12,6.1,2831,R,0,0,1,0,0,0,0
Welcome to Mooseport,2004,117,26,5.3,2356,PG-13,0,0,1,0,0,0,0
Welcome to Sarajevo,1997,103,9,6.8,1465,R,0,0,0,1,0,0,0
Welcome to the Dollhouse,1995,88,0.8,7.4,5851,R,0,0,1,1,0,0,0
Werewolf,1996,99,0.35,2,1032,R,0,0,0,0,0,0,0
What Dreams May Come,1998,113,85,6.3,11706,PG-13,0,0,0,1,0,1,0
What Lies Beneath,2000,130,90,6.6,20584,PG-13,0,0,0,1,0,0,0
What Planet Are You From?,2000,104,50,5.6,2574,R,0,0,1,0,0,0,0
What Women Want,2000,127,65,6.4,20138,PG-13,0,0,1,0,0,1,0
What a Girl Wants,2003,105,20,5.7,3533,PG,0,0,1,1,0,1,0
What's the Worst That Could Happen?,2001,97,45,5,2531,PG-13,0,0,1,0,0,0,0
Whatever It Takes,2000,94,15,5.2,1771,PG-13,0,0,1,1,0,1,0
When Zachary Beaver Came to Town,2003,85,3,7.9,35,PG,0,0,0,1,0,0,0
Where the Heart Is,2000,120,15,6.4,5042,PG-13,0,0,1,1,0,1,0
Where the Money Is,2000,89,18,6.2,1461,PG-13,0,0,1,1,0,0,0
Where's Marlowe?,1998,97,3.5,6.2,188,R,0,0,1,0,0,0,0
While You Were Sleeping,1995,103,17,6.5,13035,PG,0,0,1,0,0,1,0
Whipped,2000,82,3,4.4,1562,R,0,0,1,0,0,1,0
White Oleander,2002,109,16,6.9,4545,PG-13,0,0,0,1,0,0,0
White Squall,1996,129,38,6.4,3445,PG-13,0,0,0,1,0,0,0
"Whole Ten Yards, The",2004,98,40,4.8,4133,PG-13,0,0,1,0,0,0,0
"Whole Wide World, The",1996,111,1.3,7.4,956,PG,0,0,0,1,0,0,0
Wicked Spring,2002,102,0.5,5.6,158,PG-13,0,0,0,1,0,0,0
Wicker Park,2004,114,30,6.4,3143,PG-13,0,0,0,1,0,1,0
Wide Awake,1998,88,7,6,655,PG,0,0,1,1,0,0,0
"Wild Angels, The",1966,93,0.36,4.7,212,R,1,0,0,1,0,0,0
"Wild Ride, The",1960,88,0.03,3.8,56,PG-13,0,0,0,1,0,0,0
Wild Things,1998,115,20,6.6,17672,R,0,0,0,0,0,0,0
"Wild Thornberrys Movie, The",2002,85,35,4.7,4008,PG,0,1,1,0,0,0,0
Wild Wild West,1999,107,170,4,19078,PG-13,1,0,1,0,0,0,0
Wild in the Streets,1968,94,1,5.9,329,R,0,0,0,1,0,0,0
Wilde,1997,118,10,6.9,2545,R,0,0,0,1,0,0,0
Willard,2003,100,22,6.2,2913,PG-13,0,0,1,1,0,0,0
Wimbledon,2004,98,31,6.3,4297,PG-13,0,0,1,1,0,1,0
Win a Date with Tad Hamilton!,2004,95,24,5.8,2933,PG-13,0,0,1,0,0,1,0
Wind River,1998,97,5.5,5.4,97,PG-13,0,0,0,1,0,0,0
Windtalkers,2002,153,115,5.9,9081,R,1,0,0,1,0,0,0
Wing Commander,1999,96,30,3.7,4854,PG-13,1,0,0,0,0,0,0
Wisegirls,2002,96,11,5.7,792,R,0,0,0,1,0,0,0
Wishcraft,2002,97,5,5,314,R,0,0,0,0,0,0,0
Wishmaster,1997,90,5,5,2577,R,0,0,0,0,0,0,0
Witchboard III: The Possession,1995,93,2,3.4,114,R,0,0,0,0,0,0,0
Without Limits,1998,117,25,6.8,1249,PG-13,0,0,0,1,0,0,0
Without a Paddle,2004,95,19,5.4,3605,PG-13,0,0,1,0,0,0,0
Wo hu cang long,2000,120,15,8.2,52198,PG-13,1,0,0,0,0,1,0
Woman on Top,2000,92,8,5.3,2094,R,0,0,1,0,0,1,0
Wonder Boys,2000,111,35,7.6,15668,R,0,0,1,1,0,0,0
Woo,1998,84,13,3.5,407,R,0,0,1,0,0,1,0
"Wood, The",1999,102,6,6.2,1170,R,0,0,1,1,0,1,0
"Work and the Glory, The",2004,118,7.5,6.3,180,PG,0,0,0,1,0,1,0
"World Is Not Enough, The",1999,128,135,6.3,24205,PG-13,1,0,0,0,0,0,0
World Traveler,2001,103,2,5.4,350,R,0,0,0,1,0,0,0
"X Files, The",1998,121,66,6.7,18314,PG-13,1,0,0,0,0,0,0
X-Men,2000,104,75,7.3,45332,PG-13,1,0,0,0,0,0,0
X2,2003,133,110,7.9,38191,PG-13,1,0,0,0,0,0,0
"Yards, The",2000,115,20,6.3,3386,R,0,0,0,1,0,0,0
Ying xiong,2002,93,30,8.1,24128,PG-13,1,0,0,1,0,0,0
Yo puta,2004,76,6,4.3,151,R,0,0,0,1,0,0,0
You Can Count on Me,2000,111,1.2,7.8,7630,R,0,0,0,1,0,0,0
You Got Served,2004,95,8,1.9,6041,PG-13,0,0,0,1,0,0,0
You've Got Mail,1998,119,65,6.2,20053,PG,0,0,1,0,0,1,0
Your Friends & Neighbors,1998,100,5,6.4,2659,R,0,0,1,1,0,0,0
Zero Effect,1998,116,5,7,4820,R,0,0,1,0,0,0,0
Zoolander,2001,89,28,6.1,18277,PG-13,0,0,1,0,0,0,0
xXx,2002,132,85,5.5,18514,PG-13,1,0,0,0,0,0,0
xXx: State of the Union,2005,101,87,3.9,1584,PG-13,1,0,0,0,0,0,0
